Fecha,Promocion
24/01/2022 00:00,0
24/01/2022 01:00,0
24/01/2022 02:00,0
24/01/2022 03:00,0
24/01/2022 04:00,0
24/01/2022 05:00,0
24/01/2022 06:00,0
24/01/2022 07:00,0
24/01/2022 08:00,0
24/01/2022 09:00,0
24/01/2022 10:00,0
24/01/2022 11:00,0
24/01/2022 12:00,0
24/01/2022 13:00,0
24/01/2022 14:00,0
24/01/2022 15:00,0
24/01/2022 16:00,0
24/01/2022 17:00,0
24/01/2022 18:00,0
24/01/2022 19:00,0
24/01/2022 20:00,0
24/01/2022 21:00,0
24/01/2022 22:00,0
24/01/2022 23:00,0
25/01/2022 00:00,0
25/01/2022 01:00,0
25/01/2022 02:00,0
25/01/2022 03:00,0
25/01/2022 04:00,0
25/01/2022 05:00,0
25/01/2022 06:00,0
25/01/2022 07:00,0
25/01/2022 08:00,0
25/01/2022 09:00,0
25/01/2022 10:00,0
25/01/2022 11:00,0
25/01/2022 12:00,0
25/01/2022 13:00,0
25/01/2022 14:00,0
25/01/2022 15:00,0
25/01/2022 16:00,0
25/01/2022 17:00,0
25/01/2022 18:00,0
25/01/2022 19:00,0
25/01/2022 20:00,0
25/01/2022 21:00,0
25/01/2022 22:00,0
25/01/2022 23:00,0
26/01/2022 00:00,0
26/01/2022 01:00,0
26/01/2022 02:00,0
26/01/2022 03:00,0
26/01/2022 04:00,0
26/01/2022 05:00,0
26/01/2022 06:00,0
26/01/2022 07:00,0
26/01/2022 08:00,0
26/01/2022 09:00,0
26/01/2022 10:00,0
26/01/2022 11:00,0
26/01/2022 12:00,0
26/01/2022 13:00,0
26/01/2022 14:00,0
26/01/2022 15:00,0
26/01/2022 16:00,0
26/01/2022 17:00,0
26/01/2022 18:00,0
26/01/2022 19:00,0
26/01/2022 20:00,0
26/01/2022 21:00,0
26/01/2022 22:00,0
26/01/2022 23:00,0
29/03/2022 00:00,1
29/03/2022 01:00,1
29/03/2022 02:00,1
29/03/2022 03:00,1
29/03/2022 04:00,1
29/03/2022 05:00,1
29/03/2022 06:00,1
29/03/2022 07:00,1
29/03/2022 08:00,1
29/03/2022 09:00,1
29/03/2022 10:00,1
29/03/2022 11:00,1
29/03/2022 12:00,1
29/03/2022 13:00,1
29/03/2022 14:00,1
29/03/2022 15:00,1
29/03/2022 16:00,1
29/03/2022 17:00,1
29/03/2022 18:00,1
29/03/2022 19:00,1
29/03/2022 20:00,1
29/03/2022 21:00,1
29/03/2022 22:00,1
29/03/2022 23:00,1
30/03/2022 00:00,1
30/03/2022 01:00,1
30/03/2022 02:00,1
30/03/2022 03:00,1
30/03/2022 04:00,1
30/03/2022 05:00,1
30/03/2022 06:00,1
30/03/2022 07:00,1
30/03/2022 08:00,1
30/03/2022 09:00,1
30/03/2022 10:00,1
30/03/2022 11:00,1
30/03/2022 12:00,1
30/03/2022 13:00,1
30/03/2022 14:00,1
30/03/2022 15:00,1
30/03/2022 16:00,1
30/03/2022 17:00,1
30/03/2022 18:00,1
30/03/2022 19:00,1
30/03/2022 20:00,1
30/03/2022 21:00,1
30/03/2022 22:00,1
30/03/2022 23:00,1
31/03/2022 00:00,1
31/03/2022 01:00,1
31/03/2022 02:00,1
31/03/2022 03:00,1
31/03/2022 04:00,1
31/03/2022 05:00,1
31/03/2022 06:00,1
31/03/2022 07:00,1
31/03/2022 08:00,1
31/03/2022 09:00,1
31/03/2022 10:00,1
31/03/2022 11:00,1
31/03/2022 12:00,1
31/03/2022 13:00,1
31/03/2022 14:00,1
31/03/2022 15:00,1
31/03/2022 16:00,1
31/03/2022 17:00,1
31/03/2022 18:00,1
31/03/2022 19:00,1
31/03/2022 20:00,1
31/03/2022 21:00,1
31/03/2022 22:00,1
31/03/2022 23:00,1
01/04/2022 00:00,1
01/04/2022 01:00,1
01/04/2022 02:00,1
01/04/2022 03:00,1
01/04/2022 04:00,1
01/04/2022 05:00,1
01/04/2022 06:00,1
01/04/2022 07:00,1
01/04/2022 08:00,1
01/04/2022 09:00,1
01/04/2022 10:00,1
01/04/2022 11:00,1
01/04/2022 12:00,1
01/04/2022 13:00,1
01/04/2022 14:00,1
01/04/2022 15:00,1
01/04/2022 16:00,1
01/04/2022 17:00,1
01/04/2022 18:00,1
01/04/2022 19:00,1
01/04/2022 20:00,1
01/04/2022 21:00,1
01/04/2022 22:00,1
01/04/2022 23:00,1
02/04/2022 00:00,1
02/04/2022 01:00,1
02/04/2022 02:00,1
02/04/2022 03:00,1
02/04/2022 04:00,1
02/04/2022 05:00,1
02/04/2022 06:00,1
02/04/2022 07:00,1
02/04/2022 08:00,1
02/04/2022 09:00,1
02/04/2022 10:00,1
02/04/2022 11:00,1
02/04/2022 12:00,1
02/04/2022 13:00,1
02/04/2022 14:00,1
02/04/2022 15:00,1
02/04/2022 16:00,1
02/04/2022 17:00,1
02/04/2022 18:00,1
02/04/2022 19:00,1
02/04/2022 20:00,1
02/04/2022 21:00,1
02/04/2022 22:00,1
02/04/2022 23:00,1
03/04/2022 00:00,1
03/04/2022 01:00,1
03/04/2022 02:00,1
03/04/2022 03:00,1
03/04/2022 04:00,1
03/04/2022 05:00,1
03/04/2022 06:00,1
03/04/2022 07:00,1
03/04/2022 08:00,1
03/04/2022 09:00,1
03/04/2022 10:00,1
03/04/2022 11:00,1
03/04/2022 12:00,1
03/04/2022 13:00,1
03/04/2022 14:00,1
03/04/2022 15:00,1
03/04/2022 16:00,1
03/04/2022 17:00,1
03/04/2022 18:00,1
03/04/2022 19:00,1
03/04/2022 20:00,1
03/04/2022 21:00,1
03/04/2022 22:00,1
03/04/2022 23:00,1
04/04/2022 00:00,1
04/04/2022 01:00,1
04/04/2022 02:00,1
04/04/2022 03:00,1
04/04/2022 04:00,1
04/04/2022 05:00,1
04/04/2022 06:00,1
04/04/2022 07:00,1
04/04/2022 08:00,1
04/04/2022 09:00,1
04/04/2022 10:00,1
04/04/2022 11:00,1
04/04/2022 12:00,1
04/04/2022 13:00,1
04/04/2022 14:00,1
04/04/2022 15:00,1
04/04/2022 16:00,1
04/04/2022 17:00,1
04/04/2022 18:00,1
04/04/2022 19:00,1
04/04/2022 20:00,1
04/04/2022 21:00,1
04/04/2022 22:00,1
04/04/2022 23:00,1
11/04/2022 00:00,0
11/04/2022 01:00,0
11/04/2022 02:00,0
11/04/2022 03:00,0
11/04/2022 04:00,0
11/04/2022 05:00,0
11/04/2022 06:00,0
11/04/2022 07:00,0
11/04/2022 08:00,0
11/04/2022 09:00,0
11/04/2022 10:00,0
11/04/2022 11:00,0
11/04/2022 12:00,0
11/04/2022 13:00,0
11/04/2022 14:00,0
11/04/2022 15:00,0
11/04/2022 16:00,0
11/04/2022 17:00,0
11/04/2022 18:00,0
11/04/2022 19:00,0
11/04/2022 20:00,0
11/04/2022 21:00,0
11/04/2022 22:00,0
11/04/2022 23:00,0
12/04/2022 00:00,0
12/04/2022 01:00,0
12/04/2022 02:00,0
12/04/2022 03:00,0
12/04/2022 04:00,0
12/04/2022 05:00,0
12/04/2022 06:00,0
12/04/2022 07:00,0
12/04/2022 08:00,0
12/04/2022 09:00,0
12/04/2022 10:00,0
12/04/2022 11:00,0
12/04/2022 12:00,0
12/04/2022 13:00,0
12/04/2022 14:00,0
12/04/2022 15:00,0
12/04/2022 16:00,0
12/04/2022 17:00,0
12/04/2022 18:00,0
12/04/2022 19:00,0
12/04/2022 20:00,0
12/04/2022 21:00,0
12/04/2022 22:00,0
12/04/2022 23:00,0
13/04/2022 00:00,0
13/04/2022 01:00,0
13/04/2022 02:00,0
13/04/2022 03:00,0
13/04/2022 04:00,0
13/04/2022 05:00,0
13/04/2022 06:00,0
13/04/2022 07:00,0
13/04/2022 08:00,0
13/04/2022 09:00,0
13/04/2022 10:00,0
13/04/2022 11:00,0
13/04/2022 12:00,0
13/04/2022 13:00,0
13/04/2022 14:00,0
13/04/2022 15:00,0
13/04/2022 16:00,0
13/04/2022 17:00,0
13/04/2022 18:00,0
13/04/2022 19:00,0
13/04/2022 20:00,0
13/04/2022 21:00,0
13/04/2022 22:00,0
13/04/2022 23:00,0
14/04/2022 00:00,0
14/04/2022 01:00,0
14/04/2022 02:00,0
14/04/2022 03:00,0
14/04/2022 04:00,0
14/04/2022 05:00,0
14/04/2022 06:00,0
14/04/2022 07:00,0
14/04/2022 08:00,0
14/04/2022 09:00,0
14/04/2022 10:00,0
14/04/2022 11:00,0
14/04/2022 12:00,0
14/04/2022 13:00,0
14/04/2022 14:00,0
14/04/2022 15:00,0
14/04/2022 16:00,0
14/04/2022 17:00,0
14/04/2022 18:00,0
14/04/2022 19:00,0
14/04/2022 20:00,0
14/04/2022 21:00,0
14/04/2022 22:00,0
14/04/2022 23:00,0
15/04/2022 00:00,0
15/04/2022 01:00,0
15/04/2022 02:00,0
15/04/2022 03:00,0
15/04/2022 04:00,0
15/04/2022 05:00,0
15/04/2022 06:00,0
15/04/2022 07:00,0
15/04/2022 08:00,0
15/04/2022 09:00,0
15/04/2022 10:00,0
15/04/2022 11:00,0
15/04/2022 12:00,0
15/04/2022 13:00,0
15/04/2022 14:00,0
15/04/2022 15:00,0
15/04/2022 16:00,0
15/04/2022 17:00,0
15/04/2022 18:00,0
15/04/2022 19:00,0
15/04/2022 20:00,0
15/04/2022 21:00,0
15/04/2022 22:00,0
15/04/2022 23:00,0
16/04/2022 00:00,0
16/04/2022 01:00,0
16/04/2022 02:00,0
16/04/2022 03:00,0
16/04/2022 04:00,0
16/04/2022 05:00,0
16/04/2022 06:00,0
16/04/2022 07:00,0
16/04/2022 08:00,0
16/04/2022 09:00,0
16/04/2022 10:00,0
16/04/2022 11:00,0
16/04/2022 12:00,0
16/04/2022 13:00,0
16/04/2022 14:00,0
16/04/2022 15:00,0
16/04/2022 16:00,0
16/04/2022 17:00,0
16/04/2022 18:00,0
16/04/2022 19:00,0
16/04/2022 20:00,0
16/04/2022 21:00,0
16/04/2022 22:00,0
16/04/2022 23:00,0
17/04/2022 00:00,0
17/04/2022 01:00,0
17/04/2022 02:00,0
17/04/2022 03:00,0
17/04/2022 04:00,0
17/04/2022 05:00,0
17/04/2022 06:00,0
17/04/2022 07:00,0
17/04/2022 08:00,0
17/04/2022 09:00,0
17/04/2022 10:00,0
17/04/2022 11:00,0
17/04/2022 12:00,0
17/04/2022 13:00,0
17/04/2022 14:00,0
17/04/2022 15:00,0
17/04/2022 16:00,0
17/04/2022 17:00,0
17/04/2022 18:00,0
17/04/2022 19:00,0
17/04/2022 20:00,0
17/04/2022 21:00,0
17/04/2022 22:00,0
17/04/2022 23:00,0
30/05/2022 00:00,2
30/05/2022 01:00,2
30/05/2022 02:00,2
30/05/2022 03:00,2
30/05/2022 04:00,2
30/05/2022 05:00,2
30/05/2022 06:00,2
30/05/2022 07:00,2
30/05/2022 08:00,2
30/05/2022 09:00,2
30/05/2022 10:00,2
30/05/2022 11:00,2
30/05/2022 12:00,2
30/05/2022 13:00,2
30/05/2022 14:00,2
30/05/2022 15:00,2
30/05/2022 16:00,2
30/05/2022 17:00,2
30/05/2022 18:00,2
30/05/2022 19:00,2
30/05/2022 20:00,2
30/05/2022 21:00,2
30/05/2022 22:00,2
30/05/2022 23:00,2
31/05/2022 00:00,2
31/05/2022 01:00,2
31/05/2022 02:00,2
31/05/2022 03:00,2
31/05/2022 04:00,2
31/05/2022 05:00,2
31/05/2022 06:00,2
31/05/2022 07:00,2
31/05/2022 08:00,2
31/05/2022 09:00,2
31/05/2022 10:00,2
31/05/2022 11:00,2
31/05/2022 12:00,2
31/05/2022 13:00,2
31/05/2022 14:00,2
31/05/2022 15:00,2
31/05/2022 16:00,2
31/05/2022 17:00,2
31/05/2022 18:00,2
31/05/2022 19:00,2
31/05/2022 20:00,2
31/05/2022 21:00,2
31/05/2022 22:00,2
31/05/2022 23:00,2
01/06/2022 00:00,2
01/06/2022 01:00,2
01/06/2022 02:00,2
01/06/2022 03:00,2
01/06/2022 04:00,2
01/06/2022 05:00,2
01/06/2022 06:00,2
01/06/2022 07:00,2
01/06/2022 08:00,2
01/06/2022 09:00,2
01/06/2022 10:00,2
01/06/2022 11:00,2
01/06/2022 12:00,2
01/06/2022 13:00,2
01/06/2022 14:00,2
01/06/2022 15:00,2
01/06/2022 16:00,2
01/06/2022 17:00,2
01/06/2022 18:00,2
01/06/2022 19:00,2
01/06/2022 20:00,2
01/06/2022 21:00,2
01/06/2022 22:00,2
01/06/2022 23:00,2
18/08/2022 00:00,3
18/08/2022 01:00,3
18/08/2022 02:00,3
18/08/2022 03:00,3
18/08/2022 04:00,3
18/08/2022 05:00,3
18/08/2022 06:00,3
18/08/2022 07:00,3
18/08/2022 08:00,3
18/08/2022 09:00,3
18/08/2022 10:00,3
18/08/2022 11:00,3
18/08/2022 12:00,3
18/08/2022 13:00,3
18/08/2022 14:00,3
18/08/2022 15:00,3
18/08/2022 16:00,3
18/08/2022 17:00,3
18/08/2022 18:00,3
18/08/2022 19:00,3
18/08/2022 20:00,3
18/08/2022 21:00,3
18/08/2022 22:00,3
18/08/2022 23:00,3
19/08/2022 00:00,3
19/08/2022 01:00,3
19/08/2022 02:00,3
19/08/2022 03:00,3
19/08/2022 04:00,3
19/08/2022 05:00,3
19/08/2022 06:00,3
19/08/2022 07:00,3
19/08/2022 08:00,3
19/08/2022 09:00,3
19/08/2022 10:00,3
19/08/2022 11:00,3
19/08/2022 12:00,3
19/08/2022 13:00,3
19/08/2022 14:00,3
19/08/2022 15:00,3
19/08/2022 16:00,3
19/08/2022 17:00,3
19/08/2022 18:00,3
19/08/2022 19:00,3
19/08/2022 20:00,3
19/08/2022 21:00,3
19/08/2022 22:00,3
19/08/2022 23:00,3
20/08/2022 00:00,3
20/08/2022 01:00,3
20/08/2022 02:00,3
20/08/2022 03:00,3
20/08/2022 04:00,3
20/08/2022 05:00,3
20/08/2022 06:00,3
20/08/2022 07:00,3
20/08/2022 08:00,3
20/08/2022 09:00,3
20/08/2022 10:00,3
20/08/2022 11:00,3
20/08/2022 12:00,3
20/08/2022 13:00,3
20/08/2022 14:00,3
20/08/2022 15:00,3
20/08/2022 16:00,3
20/08/2022 17:00,3
20/08/2022 18:00,3
20/08/2022 19:00,3
20/08/2022 20:00,3
20/08/2022 21:00,3
20/08/2022 22:00,3
20/08/2022 23:00,3
21/08/2022 00:00,3
21/08/2022 01:00,3
21/08/2022 02:00,3
21/08/2022 03:00,3
21/08/2022 04:00,3
21/08/2022 05:00,3
21/08/2022 06:00,3
21/08/2022 07:00,3
21/08/2022 08:00,3
21/08/2022 09:00,3
21/08/2022 10:00,3
21/08/2022 11:00,3
21/08/2022 12:00,3
21/08/2022 13:00,3
21/08/2022 14:00,3
21/08/2022 15:00,3
21/08/2022 16:00,3
21/08/2022 17:00,3
21/08/2022 18:00,3
21/08/2022 19:00,3
21/08/2022 20:00,3
21/08/2022 21:00,3
21/08/2022 22:00,3
21/08/2022 23:00,3
22/08/2022 00:00,3
22/08/2022 01:00,3
22/08/2022 02:00,3
22/08/2022 03:00,3
22/08/2022 04:00,3
22/08/2022 05:00,3
22/08/2022 06:00,3
22/08/2022 07:00,3
22/08/2022 08:00,3
22/08/2022 09:00,3
22/08/2022 10:00,3
22/08/2022 11:00,3
22/08/2022 12:00,3
22/08/2022 13:00,3
22/08/2022 14:00,3
22/08/2022 15:00,3
22/08/2022 16:00,3
22/08/2022 17:00,3
22/08/2022 18:00,3
22/08/2022 19:00,3
22/08/2022 20:00,3
22/08/2022 21:00,3
22/08/2022 22:00,3
22/08/2022 23:00,3
23/08/2022 00:00,3
23/08/2022 01:00,3
23/08/2022 02:00,3
23/08/2022 03:00,3
23/08/2022 04:00,3
23/08/2022 05:00,3
23/08/2022 06:00,3
23/08/2022 07:00,3
23/08/2022 08:00,3
23/08/2022 09:00,3
23/08/2022 10:00,3
23/08/2022 11:00,3
23/08/2022 12:00,3
23/08/2022 13:00,3
23/08/2022 14:00,3
23/08/2022 15:00,3
23/08/2022 16:00,3
23/08/2022 17:00,3
23/08/2022 18:00,3
23/08/2022 19:00,3
23/08/2022 20:00,3
23/08/2022 21:00,3
23/08/2022 22:00,3
23/08/2022 23:00,3
24/08/2022 00:00,3
24/08/2022 01:00,3
24/08/2022 02:00,3
24/08/2022 03:00,3
24/08/2022 04:00,3
24/08/2022 05:00,3
24/08/2022 06:00,3
24/08/2022 07:00,3
24/08/2022 08:00,3
24/08/2022 09:00,3
24/08/2022 10:00,3
24/08/2022 11:00,3
24/08/2022 12:00,3
24/08/2022 13:00,3
24/08/2022 14:00,3
24/08/2022 15:00,3
24/08/2022 16:00,3
24/08/2022 17:00,3
24/08/2022 18:00,3
24/08/2022 19:00,3
24/08/2022 20:00,3
24/08/2022 21:00,3
24/08/2022 22:00,3
24/08/2022 23:00,3
01/09/2022 00:00,4
01/09/2022 01:00,4
01/09/2022 02:00,4
01/09/2022 03:00,4
01/09/2022 04:00,4
01/09/2022 05:00,4
01/09/2022 06:00,4
01/09/2022 07:00,4
01/09/2022 08:00,4
01/09/2022 09:00,4
01/09/2022 10:00,4
01/09/2022 11:00,4
01/09/2022 12:00,4
01/09/2022 13:00,4
01/09/2022 14:00,4
01/09/2022 15:00,4
01/09/2022 16:00,4
01/09/2022 17:00,4
01/09/2022 18:00,4
01/09/2022 19:00,4
01/09/2022 20:00,4
01/09/2022 21:00,4
01/09/2022 22:00,4
01/09/2022 23:00,4
02/09/2022 00:00,4
02/09/2022 01:00,4
02/09/2022 02:00,4
02/09/2022 03:00,4
02/09/2022 04:00,4
02/09/2022 05:00,4
02/09/2022 06:00,4
02/09/2022 07:00,4
02/09/2022 08:00,4
02/09/2022 09:00,4
02/09/2022 10:00,4
02/09/2022 11:00,4
02/09/2022 12:00,4
02/09/2022 13:00,4
02/09/2022 14:00,4
02/09/2022 15:00,4
02/09/2022 16:00,4
02/09/2022 17:00,4
02/09/2022 18:00,4
02/09/2022 19:00,4
02/09/2022 20:00,4
02/09/2022 21:00,4
02/09/2022 22:00,4
02/09/2022 23:00,4
03/09/2022 00:00,4
03/09/2022 01:00,4
03/09/2022 02:00,4
03/09/2022 03:00,4
03/09/2022 04:00,4
03/09/2022 05:00,4
03/09/2022 06:00,4
03/09/2022 07:00,4
03/09/2022 08:00,4
03/09/2022 09:00,4
03/09/2022 10:00,4
03/09/2022 11:00,4
03/09/2022 12:00,4
03/09/2022 13:00,4
03/09/2022 14:00,4
03/09/2022 15:00,4
03/09/2022 16:00,4
03/09/2022 17:00,4
03/09/2022 18:00,4
03/09/2022 19:00,4
03/09/2022 20:00,4
03/09/2022 21:00,4
03/09/2022 22:00,4
03/09/2022 23:00,4
04/09/2022 00:00,4
04/09/2022 01:00,4
04/09/2022 02:00,4
04/09/2022 03:00,4
04/09/2022 04:00,4
04/09/2022 05:00,4
04/09/2022 06:00,4
04/09/2022 07:00,4
04/09/2022 08:00,4
04/09/2022 09:00,4
04/09/2022 10:00,4
04/09/2022 11:00,4
04/09/2022 12:00,4
04/09/2022 13:00,4
04/09/2022 14:00,4
04/09/2022 15:00,4
04/09/2022 16:00,4
04/09/2022 17:00,4
04/09/2022 18:00,4
04/09/2022 19:00,4
04/09/2022 20:00,4
04/09/2022 21:00,4
04/09/2022 22:00,4
04/09/2022 23:00,4
05/09/2022 00:00,4
05/09/2022 01:00,4
05/09/2022 02:00,4
05/09/2022 03:00,4
05/09/2022 04:00,4
05/09/2022 05:00,4
05/09/2022 06:00,4
05/09/2022 07:00,4
05/09/2022 08:00,4
05/09/2022 09:00,4
05/09/2022 10:00,4
05/09/2022 11:00,4
05/09/2022 12:00,4
05/09/2022 13:00,4
05/09/2022 14:00,4
05/09/2022 15:00,4
05/09/2022 16:00,4
05/09/2022 17:00,4
05/09/2022 18:00,4
05/09/2022 19:00,4
05/09/2022 20:00,4
05/09/2022 21:00,4
05/09/2022 22:00,4
05/09/2022 23:00,4
06/09/2022 00:00,4
06/09/2022 01:00,4
06/09/2022 02:00,4
06/09/2022 03:00,4
06/09/2022 04:00,4
06/09/2022 05:00,4
06/09/2022 06:00,4
06/09/2022 07:00,4
06/09/2022 08:00,4
06/09/2022 09:00,4
06/09/2022 10:00,4
06/09/2022 11:00,4
06/09/2022 12:00,4
06/09/2022 13:00,4
06/09/2022 14:00,4
06/09/2022 15:00,4
06/09/2022 16:00,4
06/09/2022 17:00,4
06/09/2022 18:00,4
06/09/2022 19:00,4
06/09/2022 20:00,4
06/09/2022 21:00,4
06/09/2022 22:00,4
06/09/2022 23:00,4
07/09/2022 00:00,4
07/09/2022 01:00,4
07/09/2022 02:00,4
07/09/2022 03:00,4
07/09/2022 04:00,4
07/09/2022 05:00,4
07/09/2022 06:00,4
07/09/2022 07:00,4
07/09/2022 08:00,4
07/09/2022 09:00,4
07/09/2022 10:00,4
07/09/2022 11:00,4
07/09/2022 12:00,4
07/09/2022 13:00,4
07/09/2022 14:00,4
07/09/2022 15:00,4
07/09/2022 16:00,4
07/09/2022 17:00,4
07/09/2022 18:00,4
07/09/2022 19:00,4
07/09/2022 20:00,4
07/09/2022 21:00,4
07/09/2022 22:00,4
07/09/2022 23:00,4
08/09/2022 00:00,4
08/09/2022 01:00,4
08/09/2022 02:00,4
08/09/2022 03:00,4
08/09/2022 04:00,4
08/09/2022 05:00,4
08/09/2022 06:00,4
08/09/2022 07:00,4
08/09/2022 08:00,4
08/09/2022 09:00,4
08/09/2022 10:00,4
08/09/2022 11:00,4
08/09/2022 12:00,4
08/09/2022 13:00,4
08/09/2022 14:00,4
08/09/2022 15:00,4
08/09/2022 16:00,4
08/09/2022 17:00,4
08/09/2022 18:00,4
08/09/2022 19:00,4
08/09/2022 20:00,4
08/09/2022 21:00,4
08/09/2022 22:00,4
08/09/2022 23:00,4
09/09/2022 00:00,4
09/09/2022 01:00,4
09/09/2022 02:00,4
09/09/2022 03:00,4
09/09/2022 04:00,4
09/09/2022 05:00,4
09/09/2022 06:00,4
09/09/2022 07:00,4
09/09/2022 08:00,4
09/09/2022 09:00,4
09/09/2022 10:00,4
09/09/2022 11:00,4
09/09/2022 12:00,4
09/09/2022 13:00,4
09/09/2022 14:00,4
09/09/2022 15:00,4
09/09/2022 16:00,4
09/09/2022 17:00,4
09/09/2022 18:00,4
09/09/2022 19:00,4
09/09/2022 20:00,4
09/09/2022 21:00,4
09/09/2022 22:00,4
09/09/2022 23:00,4
10/09/2022 00:00,4
10/09/2022 01:00,4
10/09/2022 02:00,4
10/09/2022 03:00,4
10/09/2022 04:00,4
10/09/2022 05:00,4
10/09/2022 06:00,4
10/09/2022 07:00,4
10/09/2022 08:00,4
10/09/2022 09:00,4
10/09/2022 10:00,4
10/09/2022 11:00,4
10/09/2022 12:00,4
10/09/2022 13:00,4
10/09/2022 14:00,4
10/09/2022 15:00,4
10/09/2022 16:00,4
10/09/2022 17:00,4
10/09/2022 18:00,4
10/09/2022 19:00,4
10/09/2022 20:00,4
10/09/2022 21:00,4
10/09/2022 22:00,4
10/09/2022 23:00,4
11/09/2022 00:00,4
11/09/2022 01:00,4
11/09/2022 02:00,4
11/09/2022 03:00,4
11/09/2022 04:00,4
11/09/2022 05:00,4
11/09/2022 06:00,4
11/09/2022 07:00,4
11/09/2022 08:00,4
11/09/2022 09:00,4
11/09/2022 10:00,4
11/09/2022 11:00,4
11/09/2022 12:00,4
11/09/2022 13:00,4
11/09/2022 14:00,4
11/09/2022 15:00,4
11/09/2022 16:00,4
11/09/2022 17:00,4
11/09/2022 18:00,4
11/09/2022 19:00,4
11/09/2022 20:00,4
11/09/2022 21:00,4
11/09/2022 22:00,4
11/09/2022 23:00,4
12/09/2022 00:00,4
12/09/2022 01:00,4
12/09/2022 02:00,4
12/09/2022 03:00,4
12/09/2022 04:00,4
12/09/2022 05:00,4
12/09/2022 06:00,4
12/09/2022 07:00,4
12/09/2022 08:00,4
12/09/2022 09:00,4
12/09/2022 10:00,4
12/09/2022 11:00,4
12/09/2022 12:00,4
12/09/2022 13:00,4
12/09/2022 14:00,4
12/09/2022 15:00,4
12/09/2022 16:00,4
12/09/2022 17:00,4
12/09/2022 18:00,4
12/09/2022 19:00,4
12/09/2022 20:00,4
12/09/2022 21:00,4
12/09/2022 22:00,4
12/09/2022 23:00,4
13/09/2022 00:00,4
13/09/2022 01:00,4
13/09/2022 02:00,4
13/09/2022 03:00,4
13/09/2022 04:00,4
13/09/2022 05:00,4
13/09/2022 06:00,4
13/09/2022 07:00,4
13/09/2022 08:00,4
13/09/2022 09:00,4
13/09/2022 10:00,4
13/09/2022 11:00,4
13/09/2022 12:00,4
13/09/2022 13:00,4
13/09/2022 14:00,4
13/09/2022 15:00,4
13/09/2022 16:00,4
13/09/2022 17:00,4
13/09/2022 18:00,4
13/09/2022 19:00,4
13/09/2022 20:00,4
13/09/2022 21:00,4
13/09/2022 22:00,4
13/09/2022 23:00,4
14/09/2022 00:00,4
14/09/2022 01:00,4
14/09/2022 02:00,4
14/09/2022 03:00,4
14/09/2022 04:00,4
14/09/2022 05:00,4
14/09/2022 06:00,4
14/09/2022 07:00,4
14/09/2022 08:00,4
14/09/2022 09:00,4
14/09/2022 10:00,4
14/09/2022 11:00,4
14/09/2022 12:00,4
14/09/2022 13:00,4
14/09/2022 14:00,4
14/09/2022 15:00,4
14/09/2022 16:00,4
14/09/2022 17:00,4
14/09/2022 18:00,4
14/09/2022 19:00,4
14/09/2022 20:00,4
14/09/2022 21:00,4
14/09/2022 22:00,4
14/09/2022 23:00,4
15/09/2022 00:00,4
15/09/2022 01:00,4
15/09/2022 02:00,4
15/09/2022 03:00,4
15/09/2022 04:00,4
15/09/2022 05:00,4
15/09/2022 06:00,4
15/09/2022 07:00,4
15/09/2022 08:00,4
15/09/2022 09:00,4
15/09/2022 10:00,4
15/09/2022 11:00,4
15/09/2022 12:00,4
15/09/2022 13:00,4
15/09/2022 14:00,4
15/09/2022 15:00,4
15/09/2022 16:00,4
15/09/2022 17:00,4
15/09/2022 18:00,4
15/09/2022 19:00,4
15/09/2022 20:00,4
15/09/2022 21:00,4
15/09/2022 22:00,4
15/09/2022 23:00,4
16/09/2022 00:00,4
16/09/2022 01:00,4
16/09/2022 02:00,4
16/09/2022 03:00,4
16/09/2022 04:00,4
16/09/2022 05:00,4
16/09/2022 06:00,4
16/09/2022 07:00,4
16/09/2022 08:00,4
16/09/2022 09:00,4
16/09/2022 10:00,4
16/09/2022 11:00,4
16/09/2022 12:00,4
16/09/2022 13:00,4
16/09/2022 14:00,4
16/09/2022 15:00,4
16/09/2022 16:00,4
16/09/2022 17:00,4
16/09/2022 18:00,4
16/09/2022 19:00,4
16/09/2022 20:00,4
16/09/2022 21:00,4
16/09/2022 22:00,4
16/09/2022 23:00,4
17/09/2022 00:00,4
17/09/2022 01:00,4
17/09/2022 02:00,4
17/09/2022 03:00,4
17/09/2022 04:00,4
17/09/2022 05:00,4
17/09/2022 06:00,4
17/09/2022 07:00,4
17/09/2022 08:00,4
17/09/2022 09:00,4
17/09/2022 10:00,4
17/09/2022 11:00,4
17/09/2022 12:00,4
17/09/2022 13:00,4
17/09/2022 14:00,4
17/09/2022 15:00,4
17/09/2022 16:00,4
17/09/2022 17:00,4
17/09/2022 18:00,4
17/09/2022 19:00,4
17/09/2022 20:00,4
17/09/2022 21:00,4
17/09/2022 22:00,4
17/09/2022 23:00,4
03/10/2022 00:00,2
03/10/2022 01:00,2
03/10/2022 02:00,2
03/10/2022 03:00,2
03/10/2022 04:00,2
03/10/2022 05:00,2
03/10/2022 06:00,2
03/10/2022 07:00,2
03/10/2022 08:00,2
03/10/2022 09:00,2
03/10/2022 10:00,2
03/10/2022 11:00,2
03/10/2022 12:00,2
03/10/2022 13:00,2
03/10/2022 14:00,2
03/10/2022 15:00,2
03/10/2022 16:00,2
03/10/2022 17:00,2
03/10/2022 18:00,2
03/10/2022 19:00,2
03/10/2022 20:00,2
03/10/2022 21:00,2
03/10/2022 22:00,2
03/10/2022 23:00,2
04/10/2022 00:00,2
04/10/2022 01:00,2
04/10/2022 02:00,2
04/10/2022 03:00,2
04/10/2022 04:00,2
04/10/2022 05:00,2
04/10/2022 06:00,2
04/10/2022 07:00,2
04/10/2022 08:00,2
04/10/2022 09:00,2
04/10/2022 10:00,2
04/10/2022 11:00,2
04/10/2022 12:00,2
04/10/2022 13:00,2
04/10/2022 14:00,2
04/10/2022 15:00,2
04/10/2022 16:00,2
04/10/2022 17:00,2
04/10/2022 18:00,2
04/10/2022 19:00,2
04/10/2022 20:00,2
04/10/2022 21:00,2
04/10/2022 22:00,2
04/10/2022 23:00,2
05/10/2022 00:00,2
05/10/2022 01:00,2
05/10/2022 02:00,2
05/10/2022 03:00,2
05/10/2022 04:00,2
05/10/2022 05:00,2
05/10/2022 06:00,2
05/10/2022 07:00,2
05/10/2022 08:00,2
05/10/2022 09:00,2
05/10/2022 10:00,2
05/10/2022 11:00,2
05/10/2022 12:00,2
05/10/2022 13:00,2
05/10/2022 14:00,2
05/10/2022 15:00,2
05/10/2022 16:00,2
05/10/2022 17:00,2
05/10/2022 18:00,2
05/10/2022 19:00,2
05/10/2022 20:00,2
05/10/2022 21:00,2
05/10/2022 22:00,2
05/10/2022 23:00,2
08/11/2022 00:00,3
08/11/2022 01:00,3
08/11/2022 02:00,3
08/11/2022 03:00,3
08/11/2022 04:00,3
08/11/2022 05:00,3
08/11/2022 06:00,3
08/11/2022 07:00,3
08/11/2022 08:00,3
08/11/2022 09:00,3
08/11/2022 10:00,3
08/11/2022 11:00,3
08/11/2022 12:00,3
08/11/2022 13:00,3
08/11/2022 14:00,3
08/11/2022 15:00,3
08/11/2022 16:00,3
08/11/2022 17:00,3
08/11/2022 18:00,3
08/11/2022 19:00,3
08/11/2022 20:00,3
08/11/2022 21:00,3
08/11/2022 22:00,3
08/11/2022 23:00,3
09/11/2022 00:00,3
09/11/2022 01:00,3
09/11/2022 02:00,3
09/11/2022 03:00,3
09/11/2022 04:00,3
09/11/2022 05:00,3
09/11/2022 06:00,3
09/11/2022 07:00,3
09/11/2022 08:00,3
09/11/2022 09:00,3
09/11/2022 10:00,3
09/11/2022 11:00,3
09/11/2022 12:00,3
09/11/2022 13:00,3
09/11/2022 14:00,3
09/11/2022 15:00,3
09/11/2022 16:00,3
09/11/2022 17:00,3
09/11/2022 18:00,3
09/11/2022 19:00,3
09/11/2022 20:00,3
09/11/2022 21:00,3
09/11/2022 22:00,3
09/11/2022 23:00,3
10/11/2022 00:00,3
10/11/2022 01:00,3
10/11/2022 02:00,3
10/11/2022 03:00,3
10/11/2022 04:00,3
10/11/2022 05:00,3
10/11/2022 06:00,3
10/11/2022 07:00,3
10/11/2022 08:00,3
10/11/2022 09:00,3
10/11/2022 10:00,3
10/11/2022 11:00,3
10/11/2022 12:00,3
10/11/2022 13:00,3
10/11/2022 14:00,3
10/11/2022 15:00,3
10/11/2022 16:00,3
10/11/2022 17:00,3
10/11/2022 18:00,3
10/11/2022 19:00,3
10/11/2022 20:00,3
10/11/2022 21:00,3
10/11/2022 22:00,3
10/11/2022 23:00,3
11/11/2022 00:00,3
11/11/2022 01:00,3
11/11/2022 02:00,3
11/11/2022 03:00,3
11/11/2022 04:00,3
11/11/2022 05:00,3
11/11/2022 06:00,3
11/11/2022 07:00,3
11/11/2022 08:00,3
11/11/2022 09:00,3
11/11/2022 10:00,3
11/11/2022 11:00,3
11/11/2022 12:00,3
11/11/2022 13:00,3
11/11/2022 14:00,3
11/11/2022 15:00,3
11/11/2022 16:00,3
11/11/2022 17:00,3
11/11/2022 18:00,3
11/11/2022 19:00,3
11/11/2022 20:00,3
11/11/2022 21:00,3
11/11/2022 22:00,3
11/11/2022 23:00,3
12/11/2022 00:00,3
12/11/2022 01:00,3
12/11/2022 02:00,3
12/11/2022 03:00,3
12/11/2022 04:00,3
12/11/2022 05:00,3
12/11/2022 06:00,3
12/11/2022 07:00,3
12/11/2022 08:00,3
12/11/2022 09:00,3
12/11/2022 10:00,3
12/11/2022 11:00,3
12/11/2022 12:00,3
12/11/2022 13:00,3
12/11/2022 14:00,3
12/11/2022 15:00,3
12/11/2022 16:00,3
12/11/2022 17:00,3
12/11/2022 18:00,3
12/11/2022 19:00,3
12/11/2022 20:00,3
12/11/2022 21:00,3
12/11/2022 22:00,3
12/11/2022 23:00,3
13/11/2022 00:00,3
13/11/2022 01:00,3
13/11/2022 02:00,3
13/11/2022 03:00,3
13/11/2022 04:00,3
13/11/2022 05:00,3
13/11/2022 06:00,3
13/11/2022 07:00,3
13/11/2022 08:00,3
13/11/2022 09:00,3
13/11/2022 10:00,3
13/11/2022 11:00,3
13/11/2022 12:00,3
13/11/2022 13:00,3
13/11/2022 14:00,3
13/11/2022 15:00,3
13/11/2022 16:00,3
13/11/2022 17:00,3
13/11/2022 18:00,3
13/11/2022 19:00,3
13/11/2022 20:00,3
13/11/2022 21:00,3
13/11/2022 22:00,3
13/11/2022 23:00,3
14/11/2022 00:00,3
14/11/2022 01:00,3
14/11/2022 02:00,3
14/11/2022 03:00,3
14/11/2022 04:00,3
14/11/2022 05:00,3
14/11/2022 06:00,3
14/11/2022 07:00,3
14/11/2022 08:00,3
14/11/2022 09:00,3
14/11/2022 10:00,3
14/11/2022 11:00,3
14/11/2022 12:00,3
14/11/2022 13:00,3
14/11/2022 14:00,3
14/11/2022 15:00,3
14/11/2022 16:00,3
14/11/2022 17:00,3
14/11/2022 18:00,3
14/11/2022 19:00,3
14/11/2022 20:00,3
14/11/2022 21:00,3
14/11/2022 22:00,3
14/11/2022 23:00,3
15/11/2022 00:00,3
15/11/2022 01:00,3
15/11/2022 02:00,3
15/11/2022 03:00,3
15/11/2022 04:00,3
15/11/2022 05:00,3
15/11/2022 06:00,3
15/11/2022 07:00,3
15/11/2022 08:00,3
15/11/2022 09:00,3
15/11/2022 10:00,3
15/11/2022 11:00,3
15/11/2022 12:00,3
15/11/2022 13:00,3
15/11/2022 14:00,3
15/11/2022 15:00,3
15/11/2022 16:00,3
15/11/2022 17:00,3
15/11/2022 18:00,3
15/11/2022 19:00,3
15/11/2022 20:00,3
15/11/2022 21:00,3
15/11/2022 22:00,3
15/11/2022 23:00,3
16/11/2022 00:00,3
16/11/2022 01:00,3
16/11/2022 02:00,3
16/11/2022 03:00,3
16/11/2022 04:00,3
16/11/2022 05:00,3
16/11/2022 06:00,3
16/11/2022 07:00,3
16/11/2022 08:00,3
16/11/2022 09:00,3
16/11/2022 10:00,3
16/11/2022 11:00,3
16/11/2022 12:00,3
16/11/2022 13:00,3
16/11/2022 14:00,3
16/11/2022 15:00,3
16/11/2022 16:00,3
16/11/2022 17:00,3
16/11/2022 18:00,3
16/11/2022 19:00,3
16/11/2022 20:00,3
16/11/2022 21:00,3
16/11/2022 22:00,3
16/11/2022 23:00,3
17/11/2022 00:00,3
17/11/2022 01:00,3
17/11/2022 02:00,3
17/11/2022 03:00,3
17/11/2022 04:00,3
17/11/2022 05:00,3
17/11/2022 06:00,3
17/11/2022 07:00,3
17/11/2022 08:00,3
17/11/2022 09:00,3
17/11/2022 10:00,3
17/11/2022 11:00,3
17/11/2022 12:00,3
17/11/2022 13:00,3
17/11/2022 14:00,3
17/11/2022 15:00,3
17/11/2022 16:00,3
17/11/2022 17:00,3
17/11/2022 18:00,3
17/11/2022 19:00,3
17/11/2022 20:00,3
17/11/2022 21:00,3
17/11/2022 22:00,3
17/11/2022 23:00,3
18/11/2022 00:00,3
18/11/2022 01:00,3
18/11/2022 02:00,3
18/11/2022 03:00,3
18/11/2022 04:00,3
18/11/2022 05:00,3
18/11/2022 06:00,3
18/11/2022 07:00,3
18/11/2022 08:00,3
18/11/2022 09:00,3
18/11/2022 10:00,3
18/11/2022 11:00,3
18/11/2022 12:00,3
18/11/2022 13:00,3
18/11/2022 14:00,3
18/11/2022 15:00,3
18/11/2022 16:00,3
18/11/2022 17:00,3
18/11/2022 18:00,3
18/11/2022 19:00,3
18/11/2022 20:00,3
18/11/2022 21:00,3
18/11/2022 22:00,3
18/11/2022 23:00,3
19/11/2022 00:00,3
19/11/2022 01:00,3
19/11/2022 02:00,3
19/11/2022 03:00,3
19/11/2022 04:00,3
19/11/2022 05:00,3
19/11/2022 06:00,3
19/11/2022 07:00,3
19/11/2022 08:00,3
19/11/2022 09:00,3
19/11/2022 10:00,3
19/11/2022 11:00,3
19/11/2022 12:00,3
19/11/2022 13:00,3
19/11/2022 14:00,3
19/11/2022 15:00,3
19/11/2022 16:00,3
19/11/2022 17:00,3
19/11/2022 18:00,3
19/11/2022 19:00,3
19/11/2022 20:00,3
19/11/2022 21:00,3
19/11/2022 22:00,3
19/11/2022 23:00,3
20/11/2022 00:00,3
20/11/2022 01:00,3
20/11/2022 02:00,3
20/11/2022 03:00,3
20/11/2022 04:00,3
20/11/2022 05:00,3
20/11/2022 06:00,3
20/11/2022 07:00,3
20/11/2022 08:00,3
20/11/2022 09:00,3
20/11/2022 10:00,3
20/11/2022 11:00,3
20/11/2022 12:00,3
20/11/2022 13:00,3
20/11/2022 14:00,3
20/11/2022 15:00,3
20/11/2022 16:00,3
20/11/2022 17:00,3
20/11/2022 18:00,3
20/11/2022 19:00,3
20/11/2022 20:00,3
20/11/2022 21:00,3
20/11/2022 22:00,3
20/11/2022 23:00,3
25/11/2022 00:00,1
25/11/2022 01:00,1
25/11/2022 02:00,1
25/11/2022 03:00,1
25/11/2022 04:00,1
25/11/2022 05:00,1
25/11/2022 06:00,1
25/11/2022 07:00,1
25/11/2022 08:00,1
25/11/2022 09:00,1
25/11/2022 10:00,1
25/11/2022 11:00,1
25/11/2022 12:00,1
25/11/2022 13:00,1
25/11/2022 14:00,1
25/11/2022 15:00,1
25/11/2022 16:00,1
25/11/2022 17:00,1
25/11/2022 18:00,1
25/11/2022 19:00,1
25/11/2022 20:00,1
25/11/2022 21:00,1
25/11/2022 22:00,1
25/11/2022 23:00,1
26/11/2022 00:00,1
26/11/2022 01:00,1
26/11/2022 02:00,1
26/11/2022 03:00,1
26/11/2022 04:00,1
26/11/2022 05:00,1
26/11/2022 06:00,1
26/11/2022 07:00,1
26/11/2022 08:00,1
26/11/2022 09:00,1
26/11/2022 10:00,1
26/11/2022 11:00,1
26/11/2022 12:00,1
26/11/2022 13:00,1
26/11/2022 14:00,1
26/11/2022 15:00,1
26/11/2022 16:00,1
26/11/2022 17:00,1
26/11/2022 18:00,1
26/11/2022 19:00,1
26/11/2022 20:00,1
26/11/2022 21:00,1
26/11/2022 22:00,1
26/11/2022 23:00,1
27/11/2022 00:00,1
27/11/2022 01:00,1
27/11/2022 02:00,1
27/11/2022 03:00,1
27/11/2022 04:00,1
27/11/2022 05:00,1
27/11/2022 06:00,1
27/11/2022 07:00,1
27/11/2022 08:00,1
27/11/2022 09:00,1
27/11/2022 10:00,1
27/11/2022 11:00,1
27/11/2022 12:00,1
27/11/2022 13:00,1
27/11/2022 14:00,1
27/11/2022 15:00,1
27/11/2022 16:00,1
27/11/2022 17:00,1
27/11/2022 18:00,1
27/11/2022 19:00,1
27/11/2022 20:00,1
27/11/2022 21:00,1
27/11/2022 22:00,1
27/11/2022 23:00,1
28/11/2022 00:00,1
28/11/2022 01:00,1
28/11/2022 02:00,1
28/11/2022 03:00,1
28/11/2022 04:00,1
28/11/2022 05:00,1
28/11/2022 06:00,1
28/11/2022 07:00,1
28/11/2022 08:00,1
28/11/2022 09:00,1
28/11/2022 10:00,1
28/11/2022 11:00,1
28/11/2022 12:00,1
28/11/2022 13:00,1
28/11/2022 14:00,1
28/11/2022 15:00,1
28/11/2022 16:00,1
28/11/2022 17:00,1
28/11/2022 18:00,1
28/11/2022 19:00,1
28/11/2022 20:00,1
28/11/2022 21:00,1
28/11/2022 22:00,1
28/11/2022 23:00,1
29/11/2022 00:00,1
29/11/2022 01:00,1
29/11/2022 02:00,1
29/11/2022 03:00,1
29/11/2022 04:00,1
29/11/2022 05:00,1
29/11/2022 06:00,1
29/11/2022 07:00,1
29/11/2022 08:00,1
29/11/2022 09:00,1
29/11/2022 10:00,1
29/11/2022 11:00,1
29/11/2022 12:00,1
29/11/2022 13:00,1
29/11/2022 14:00,1
29/11/2022 15:00,1
29/11/2022 16:00,1
29/11/2022 17:00,1
29/11/2022 18:00,1
29/11/2022 19:00,1
29/11/2022 20:00,1
29/11/2022 21:00,1
29/11/2022 22:00,1
29/11/2022 23:00,1
30/11/2022 00:00,1
30/11/2022 01:00,1
30/11/2022 02:00,1
30/11/2022 03:00,1
30/11/2022 04:00,1
30/11/2022 05:00,1
30/11/2022 06:00,1
30/11/2022 07:00,1
30/11/2022 08:00,1
30/11/2022 09:00,1
30/11/2022 10:00,1
30/11/2022 11:00,1
30/11/2022 12:00,1
30/11/2022 13:00,1
30/11/2022 14:00,1
30/11/2022 15:00,1
30/11/2022 16:00,1
30/11/2022 17:00,1
30/11/2022 18:00,1
30/11/2022 19:00,1
30/11/2022 20:00,1
30/11/2022 21:00,1
30/11/2022 22:00,1
30/11/2022 23:00,1
19/12/2022 00:00,5
19/12/2022 01:00,5
19/12/2022 02:00,5
19/12/2022 03:00,5
19/12/2022 04:00,5
19/12/2022 05:00,5
19/12/2022 06:00,5
19/12/2022 07:00,5
19/12/2022 08:00,5
19/12/2022 09:00,5
19/12/2022 10:00,5
19/12/2022 11:00,5
19/12/2022 12:00,5
19/12/2022 13:00,5
19/12/2022 14:00,5
19/12/2022 15:00,5
19/12/2022 16:00,5
19/12/2022 17:00,5
19/12/2022 18:00,5
19/12/2022 19:00,5
19/12/2022 20:00,5
19/12/2022 21:00,5
19/12/2022 22:00,5
19/12/2022 23:00,5
20/12/2022 00:00,5
20/12/2022 01:00,5
20/12/2022 02:00,5
20/12/2022 03:00,5
20/12/2022 04:00,5
20/12/2022 05:00,5
20/12/2022 06:00,5
20/12/2022 07:00,5
20/12/2022 08:00,5
20/12/2022 09:00,5
20/12/2022 10:00,5
20/12/2022 11:00,5
20/12/2022 12:00,5
20/12/2022 13:00,5
20/12/2022 14:00,5
20/12/2022 15:00,5
20/12/2022 16:00,5
20/12/2022 17:00,5
20/12/2022 18:00,5
20/12/2022 19:00,5
20/12/2022 20:00,5
20/12/2022 21:00,5
20/12/2022 22:00,5
20/12/2022 23:00,5
21/12/2022 00:00,5
21/12/2022 01:00,5
21/12/2022 02:00,5
21/12/2022 03:00,5
21/12/2022 04:00,5
21/12/2022 05:00,5
21/12/2022 06:00,5
21/12/2022 07:00,5
21/12/2022 08:00,5
21/12/2022 09:00,5
21/12/2022 10:00,5
21/12/2022 11:00,5
21/12/2022 12:00,5
21/12/2022 13:00,5
21/12/2022 14:00,5
21/12/2022 15:00,5
21/12/2022 16:00,5
21/12/2022 17:00,5
21/12/2022 18:00,5
21/12/2022 19:00,5
21/12/2022 20:00,5
21/12/2022 21:00,5
21/12/2022 22:00,5
21/12/2022 23:00,5
22/12/2022 00:00,5
22/12/2022 01:00,5
22/12/2022 02:00,5
22/12/2022 03:00,5
22/12/2022 04:00,5
22/12/2022 05:00,5
22/12/2022 06:00,5
22/12/2022 07:00,5
22/12/2022 08:00,5
22/12/2022 09:00,5
22/12/2022 10:00,5
22/12/2022 11:00,5
22/12/2022 12:00,5
22/12/2022 13:00,5
22/12/2022 14:00,5
22/12/2022 15:00,5
22/12/2022 16:00,5
22/12/2022 17:00,5
22/12/2022 18:00,5
22/12/2022 19:00,5
22/12/2022 20:00,5
22/12/2022 21:00,5
22/12/2022 22:00,5
22/12/2022 23:00,5
23/12/2022 00:00,5
23/12/2022 01:00,5
23/12/2022 02:00,5
23/12/2022 03:00,5
23/12/2022 04:00,5
23/12/2022 05:00,5
23/12/2022 06:00,5
23/12/2022 07:00,5
23/12/2022 08:00,5
23/12/2022 09:00,5
23/12/2022 10:00,5
23/12/2022 11:00,5
23/12/2022 12:00,5
23/12/2022 13:00,5
23/12/2022 14:00,5
23/12/2022 15:00,5
23/12/2022 16:00,5
23/12/2022 17:00,5
23/12/2022 18:00,5
23/12/2022 19:00,5
23/12/2022 20:00,5
23/12/2022 21:00,5
23/12/2022 22:00,5
23/12/2022 23:00,5
24/12/2022 00:00,5
24/12/2022 01:00,5
24/12/2022 02:00,5
24/12/2022 03:00,5
24/12/2022 04:00,5
24/12/2022 05:00,5
24/12/2022 06:00,5
24/12/2022 07:00,5
24/12/2022 08:00,5
24/12/2022 09:00,5
24/12/2022 10:00,5
24/12/2022 11:00,5
24/12/2022 12:00,5
24/12/2022 13:00,5
24/12/2022 14:00,5
24/12/2022 15:00,5
24/12/2022 16:00,5
24/12/2022 17:00,5
24/12/2022 18:00,5
24/12/2022 19:00,5
24/12/2022 20:00,5
24/12/2022 21:00,5
24/12/2022 22:00,5
24/12/2022 23:00,5
26/12/2022 00:00,6
26/12/2022 01:00,6
26/12/2022 02:00,6
26/12/2022 03:00,6
26/12/2022 04:00,6
26/12/2022 05:00,6
26/12/2022 06:00,6
26/12/2022 07:00,6
26/12/2022 08:00,6
26/12/2022 09:00,6
26/12/2022 10:00,6
26/12/2022 11:00,6
26/12/2022 12:00,6
26/12/2022 13:00,6
26/12/2022 14:00,6
26/12/2022 15:00,6
26/12/2022 16:00,6
26/12/2022 17:00,6
26/12/2022 18:00,6
26/12/2022 19:00,6
26/12/2022 20:00,6
26/12/2022 21:00,6
26/12/2022 22:00,6
26/12/2022 23:00,6
27/12/2022 00:00,6
27/12/2022 01:00,6
27/12/2022 02:00,6
27/12/2022 03:00,6
27/12/2022 04:00,6
27/12/2022 05:00,6
27/12/2022 06:00,6
27/12/2022 07:00,6
27/12/2022 08:00,6
27/12/2022 09:00,6
27/12/2022 10:00,6
27/12/2022 11:00,6
27/12/2022 12:00,6
27/12/2022 13:00,6
27/12/2022 14:00,6
27/12/2022 15:00,6
27/12/2022 16:00,6
27/12/2022 17:00,6
27/12/2022 18:00,6
27/12/2022 19:00,6
27/12/2022 20:00,6
27/12/2022 21:00,6
27/12/2022 22:00,6
27/12/2022 23:00,6
28/12/2022 00:00,6
28/12/2022 01:00,6
28/12/2022 02:00,6
28/12/2022 03:00,6
28/12/2022 04:00,6
28/12/2022 05:00,6
28/12/2022 06:00,6
28/12/2022 07:00,6
28/12/2022 08:00,6
28/12/2022 09:00,6
28/12/2022 10:00,6
28/12/2022 11:00,6
28/12/2022 12:00,6
28/12/2022 13:00,6
28/12/2022 14:00,6
28/12/2022 15:00,6
28/12/2022 16:00,6
28/12/2022 17:00,6
28/12/2022 18:00,6
28/12/2022 19:00,6
28/12/2022 20:00,6
28/12/2022 21:00,6
28/12/2022 22:00,6
28/12/2022 23:00,6
29/12/2022 00:00,6
29/12/2022 01:00,6
29/12/2022 02:00,6
29/12/2022 03:00,6
29/12/2022 04:00,6
29/12/2022 05:00,6
29/12/2022 06:00,6
29/12/2022 07:00,6
29/12/2022 08:00,6
29/12/2022 09:00,6
29/12/2022 10:00,6
29/12/2022 11:00,6
29/12/2022 12:00,6
29/12/2022 13:00,6
29/12/2022 14:00,6
29/12/2022 15:00,6
29/12/2022 16:00,6
29/12/2022 17:00,6
29/12/2022 18:00,6
29/12/2022 19:00,6
29/12/2022 20:00,6
29/12/2022 21:00,6
29/12/2022 22:00,6
29/12/2022 23:00,6
30/12/2022 00:00,6
30/12/2022 01:00,6
30/12/2022 02:00,6
30/12/2022 03:00,6
30/12/2022 04:00,6
30/12/2022 05:00,6
30/12/2022 06:00,6
30/12/2022 07:00,6
30/12/2022 08:00,6
30/12/2022 09:00,6
30/12/2022 10:00,6
30/12/2022 11:00,6
30/12/2022 12:00,6
30/12/2022 13:00,6
30/12/2022 14:00,6
30/12/2022 15:00,6
30/12/2022 16:00,6
30/12/2022 17:00,6
30/12/2022 18:00,6
30/12/2022 19:00,6
30/12/2022 20:00,6
30/12/2022 21:00,6
30/12/2022 22:00,6
30/12/2022 23:00,6
31/12/2022 00:00,6
31/12/2022 01:00,6
31/12/2022 02:00,6
31/12/2022 03:00,6
31/12/2022 04:00,6
31/12/2022 05:00,6
31/12/2022 06:00,6
31/12/2022 07:00,6
31/12/2022 08:00,6
31/12/2022 09:00,6
31/12/2022 10:00,6
31/12/2022 11:00,6
31/12/2022 12:00,6
31/12/2022 13:00,6
31/12/2022 14:00,6
31/12/2022 15:00,6
31/12/2022 16:00,6
31/12/2022 17:00,6
31/12/2022 18:00,6
31/12/2022 19:00,6
31/12/2022 20:00,6
31/12/2022 21:00,6
31/12/2022 22:00,6
31/12/2022 23:00,6
05/01/2023 00:00,0
05/01/2023 01:00,0
05/01/2023 02:00,0
05/01/2023 03:00,0
05/01/2023 04:00,0
05/01/2023 05:00,0
05/01/2023 06:00,0
05/01/2023 07:00,0
05/01/2023 08:00,0
05/01/2023 09:00,0
05/01/2023 10:00,0
05/01/2023 11:00,0
05/01/2023 12:00,0
05/01/2023 13:00,0
05/01/2023 14:00,0
05/01/2023 15:00,0
05/01/2023 16:00,0
05/01/2023 17:00,0
05/01/2023 18:00,0
05/01/2023 19:00,0
05/01/2023 20:00,0
05/01/2023 21:00,0
05/01/2023 22:00,0
05/01/2023 23:00,0
06/01/2023 00:00,0
06/01/2023 01:00,0
06/01/2023 02:00,0
06/01/2023 03:00,0
06/01/2023 04:00,0
06/01/2023 05:00,0
06/01/2023 06:00,0
06/01/2023 07:00,0
06/01/2023 08:00,0
06/01/2023 09:00,0
06/01/2023 10:00,0
06/01/2023 11:00,0
06/01/2023 12:00,0
06/01/2023 13:00,0
06/01/2023 14:00,0
06/01/2023 15:00,0
06/01/2023 16:00,0
06/01/2023 17:00,0
06/01/2023 18:00,0
06/01/2023 19:00,0
06/01/2023 20:00,0
06/01/2023 21:00,0
06/01/2023 22:00,0
06/01/2023 23:00,0
07/01/2023 00:00,0
07/01/2023 01:00,0
07/01/2023 02:00,0
07/01/2023 03:00,0
07/01/2023 04:00,0
07/01/2023 05:00,0
07/01/2023 06:00,0
07/01/2023 07:00,0
07/01/2023 08:00,0
07/01/2023 09:00,0
07/01/2023 10:00,0
07/01/2023 11:00,0
07/01/2023 12:00,0
07/01/2023 13:00,0
07/01/2023 14:00,0
07/01/2023 15:00,0
07/01/2023 16:00,0
07/01/2023 17:00,0
07/01/2023 18:00,0
07/01/2023 19:00,0
07/01/2023 20:00,0
07/01/2023 21:00,0
07/01/2023 22:00,0
07/01/2023 23:00,0
08/01/2023 00:00,0
08/01/2023 01:00,0
08/01/2023 02:00,0
08/01/2023 03:00,0
08/01/2023 04:00,0
08/01/2023 05:00,0
08/01/2023 06:00,0
08/01/2023 07:00,0
08/01/2023 08:00,0
08/01/2023 09:00,0
08/01/2023 10:00,0
08/01/2023 11:00,0
08/01/2023 12:00,0
08/01/2023 13:00,0
08/01/2023 14:00,0
08/01/2023 15:00,0
08/01/2023 16:00,0
08/01/2023 17:00,0
08/01/2023 18:00,0
08/01/2023 19:00,0
08/01/2023 20:00,0
08/01/2023 21:00,0
08/01/2023 22:00,0
08/01/2023 23:00,0
09/01/2023 00:00,0
09/01/2023 01:00,0
09/01/2023 02:00,0
09/01/2023 03:00,0
09/01/2023 04:00,0
09/01/2023 05:00,0
09/01/2023 06:00,0
09/01/2023 07:00,0
09/01/2023 08:00,0
09/01/2023 09:00,0
09/01/2023 10:00,0
09/01/2023 11:00,0
09/01/2023 12:00,0
09/01/2023 13:00,0
09/01/2023 14:00,0
09/01/2023 15:00,0
09/01/2023 16:00,0
09/01/2023 17:00,0
09/01/2023 18:00,0
09/01/2023 19:00,0
09/01/2023 20:00,0
09/01/2023 21:00,0
09/01/2023 22:00,0
09/01/2023 23:00,0
10/01/2023 00:00,0
10/01/2023 01:00,0
10/01/2023 02:00,0
10/01/2023 03:00,0
10/01/2023 04:00,0
10/01/2023 05:00,0
10/01/2023 06:00,0
10/01/2023 07:00,0
10/01/2023 08:00,0
10/01/2023 09:00,0
10/01/2023 10:00,0
10/01/2023 11:00,0
10/01/2023 12:00,0
10/01/2023 13:00,0
10/01/2023 14:00,0
10/01/2023 15:00,0
10/01/2023 16:00,0
10/01/2023 17:00,0
10/01/2023 18:00,0
10/01/2023 19:00,0
10/01/2023 20:00,0
10/01/2023 21:00,0
10/01/2023 22:00,0
10/01/2023 23:00,0
11/01/2023 00:00,0
11/01/2023 01:00,0
11/01/2023 02:00,0
11/01/2023 03:00,0
11/01/2023 04:00,0
11/01/2023 05:00,0
11/01/2023 06:00,0
11/01/2023 07:00,0
11/01/2023 08:00,0
11/01/2023 09:00,0
11/01/2023 10:00,0
11/01/2023 11:00,0
11/01/2023 12:00,0
11/01/2023 13:00,0
11/01/2023 14:00,0
11/01/2023 15:00,0
11/01/2023 16:00,0
11/01/2023 17:00,0
11/01/2023 18:00,0
11/01/2023 19:00,0
11/01/2023 20:00,0
11/01/2023 21:00,0
11/01/2023 22:00,0
11/01/2023 23:00,0
13/02/2023 00:00,3
13/02/2023 01:00,3
13/02/2023 02:00,3
13/02/2023 03:00,3
13/02/2023 04:00,3
13/02/2023 05:00,3
13/02/2023 06:00,3
13/02/2023 07:00,3
13/02/2023 08:00,3
13/02/2023 09:00,3
13/02/2023 10:00,3
13/02/2023 11:00,3
13/02/2023 12:00,3
13/02/2023 13:00,3
13/02/2023 14:00,3
13/02/2023 15:00,3
13/02/2023 16:00,3
13/02/2023 17:00,3
13/02/2023 18:00,3
13/02/2023 19:00,3
13/02/2023 20:00,3
13/02/2023 21:00,3
13/02/2023 22:00,3
13/02/2023 23:00,3
14/02/2023 00:00,3
14/02/2023 01:00,3
14/02/2023 02:00,3
14/02/2023 03:00,3
14/02/2023 04:00,3
14/02/2023 05:00,3
14/02/2023 06:00,3
14/02/2023 07:00,3
14/02/2023 08:00,3
14/02/2023 09:00,3
14/02/2023 10:00,3
14/02/2023 11:00,3
14/02/2023 12:00,3
14/02/2023 13:00,3
14/02/2023 14:00,3
14/02/2023 15:00,3
14/02/2023 16:00,3
14/02/2023 17:00,3
14/02/2023 18:00,3
14/02/2023 19:00,3
14/02/2023 20:00,3
14/02/2023 21:00,3
14/02/2023 22:00,3
14/02/2023 23:00,3
15/02/2023 00:00,3
15/02/2023 01:00,3
15/02/2023 02:00,3
15/02/2023 03:00,3
15/02/2023 04:00,3
15/02/2023 05:00,3
15/02/2023 06:00,3
15/02/2023 07:00,3
15/02/2023 08:00,3
15/02/2023 09:00,3
15/02/2023 10:00,3
15/02/2023 11:00,3
15/02/2023 12:00,3
15/02/2023 13:00,3
15/02/2023 14:00,3
15/02/2023 15:00,3
15/02/2023 16:00,3
15/02/2023 17:00,3
15/02/2023 18:00,3
15/02/2023 19:00,3
15/02/2023 20:00,3
15/02/2023 21:00,3
15/02/2023 22:00,3
15/02/2023 23:00,3
16/02/2023 00:00,3
16/02/2023 01:00,3
16/02/2023 02:00,3
16/02/2023 03:00,3
16/02/2023 04:00,3
16/02/2023 05:00,3
16/02/2023 06:00,3
16/02/2023 07:00,3
16/02/2023 08:00,3
16/02/2023 09:00,3
16/02/2023 10:00,3
16/02/2023 11:00,3
16/02/2023 12:00,3
16/02/2023 13:00,3
16/02/2023 14:00,3
16/02/2023 15:00,3
16/02/2023 16:00,3
16/02/2023 17:00,3
16/02/2023 18:00,3
16/02/2023 19:00,3
16/02/2023 20:00,3
16/02/2023 21:00,3
16/02/2023 22:00,3
16/02/2023 23:00,3
17/02/2023 00:00,3
17/02/2023 01:00,3
17/02/2023 02:00,3
17/02/2023 03:00,3
17/02/2023 04:00,3
17/02/2023 05:00,3
17/02/2023 06:00,3
17/02/2023 07:00,3
17/02/2023 08:00,3
17/02/2023 09:00,3
17/02/2023 10:00,3
17/02/2023 11:00,3
17/02/2023 12:00,3
17/02/2023 13:00,3
17/02/2023 14:00,3
17/02/2023 15:00,3
17/02/2023 16:00,3
17/02/2023 17:00,3
17/02/2023 18:00,3
17/02/2023 19:00,3
17/02/2023 20:00,3
17/02/2023 21:00,3
17/02/2023 22:00,3
17/02/2023 23:00,3
18/02/2023 00:00,3
18/02/2023 01:00,3
18/02/2023 02:00,3
18/02/2023 03:00,3
18/02/2023 04:00,3
18/02/2023 05:00,3
18/02/2023 06:00,3
18/02/2023 07:00,3
18/02/2023 08:00,3
18/02/2023 09:00,3
18/02/2023 10:00,3
18/02/2023 11:00,3
18/02/2023 12:00,3
18/02/2023 13:00,3
18/02/2023 14:00,3
18/02/2023 15:00,3
18/02/2023 16:00,3
18/02/2023 17:00,3
18/02/2023 18:00,3
18/02/2023 19:00,3
18/02/2023 20:00,3
18/02/2023 21:00,3
18/02/2023 22:00,3
18/02/2023 23:00,3
19/02/2023 00:00,3
19/02/2023 01:00,3
19/02/2023 02:00,3
19/02/2023 03:00,3
19/02/2023 04:00,3
19/02/2023 05:00,3
19/02/2023 06:00,3
19/02/2023 07:00,3
19/02/2023 08:00,3
19/02/2023 09:00,3
19/02/2023 10:00,3
19/02/2023 11:00,3
19/02/2023 12:00,3
19/02/2023 13:00,3
19/02/2023 14:00,3
19/02/2023 15:00,3
19/02/2023 16:00,3
19/02/2023 17:00,3
19/02/2023 18:00,3
19/02/2023 19:00,3
19/02/2023 20:00,3
19/02/2023 21:00,3
19/02/2023 22:00,3
19/02/2023 23:00,3
20/02/2023 00:00,3
20/02/2023 01:00,3
20/02/2023 02:00,3
20/02/2023 03:00,3
20/02/2023 04:00,3
20/02/2023 05:00,3
20/02/2023 06:00,3
20/02/2023 07:00,3
20/02/2023 08:00,3
20/02/2023 09:00,3
20/02/2023 10:00,3
20/02/2023 11:00,3
20/02/2023 12:00,3
20/02/2023 13:00,3
20/02/2023 14:00,3
20/02/2023 15:00,3
20/02/2023 16:00,3
20/02/2023 17:00,3
20/02/2023 18:00,3
20/02/2023 19:00,3
20/02/2023 20:00,3
20/02/2023 21:00,3
20/02/2023 22:00,3
20/02/2023 23:00,3
21/02/2023 00:00,3
21/02/2023 01:00,3
21/02/2023 02:00,3
21/02/2023 03:00,3
21/02/2023 04:00,3
21/02/2023 05:00,3
21/02/2023 06:00,3
21/02/2023 07:00,3
21/02/2023 08:00,3
21/02/2023 09:00,3
21/02/2023 10:00,3
21/02/2023 11:00,3
21/02/2023 12:00,3
21/02/2023 13:00,3
21/02/2023 14:00,3
21/02/2023 15:00,3
21/02/2023 16:00,3
21/02/2023 17:00,3
21/02/2023 18:00,3
21/02/2023 19:00,3
21/02/2023 20:00,3
21/02/2023 21:00,3
21/02/2023 22:00,3
21/02/2023 23:00,3
22/02/2023 00:00,3
22/02/2023 01:00,3
22/02/2023 02:00,3
22/02/2023 03:00,3
22/02/2023 04:00,3
22/02/2023 05:00,3
22/02/2023 06:00,3
22/02/2023 07:00,3
22/02/2023 08:00,3
22/02/2023 09:00,3
22/02/2023 10:00,3
22/02/2023 11:00,3
22/02/2023 12:00,3
22/02/2023 13:00,3
22/02/2023 14:00,3
22/02/2023 15:00,3
22/02/2023 16:00,3
22/02/2023 17:00,3
22/02/2023 18:00,3
22/02/2023 19:00,3
22/02/2023 20:00,3
22/02/2023 21:00,3
22/02/2023 22:00,3
22/02/2023 23:00,3
23/02/2023 00:00,3
23/02/2023 01:00,3
23/02/2023 02:00,3
23/02/2023 03:00,3
23/02/2023 04:00,3
23/02/2023 05:00,3
23/02/2023 06:00,3
23/02/2023 07:00,3
23/02/2023 08:00,3
23/02/2023 09:00,3
23/02/2023 10:00,3
23/02/2023 11:00,3
23/02/2023 12:00,3
23/02/2023 13:00,3
23/02/2023 14:00,3
23/02/2023 15:00,3
23/02/2023 16:00,3
23/02/2023 17:00,3
23/02/2023 18:00,3
23/02/2023 19:00,3
23/02/2023 20:00,3
23/02/2023 21:00,3
23/02/2023 22:00,3
23/02/2023 23:00,3
24/02/2023 00:00,3
24/02/2023 01:00,3
24/02/2023 02:00,3
24/02/2023 03:00,3
24/02/2023 04:00,3
24/02/2023 05:00,3
24/02/2023 06:00,3
24/02/2023 07:00,3
24/02/2023 08:00,3
24/02/2023 09:00,3
24/02/2023 10:00,3
24/02/2023 11:00,3
24/02/2023 12:00,3
24/02/2023 13:00,3
24/02/2023 14:00,3
24/02/2023 15:00,3
24/02/2023 16:00,3
24/02/2023 17:00,3
24/02/2023 18:00,3
24/02/2023 19:00,3
24/02/2023 20:00,3
24/02/2023 21:00,3
24/02/2023 22:00,3
24/02/2023 23:00,3
25/02/2023 00:00,3
25/02/2023 01:00,3
25/02/2023 02:00,3
25/02/2023 03:00,3
25/02/2023 04:00,3
25/02/2023 05:00,3
25/02/2023 06:00,3
25/02/2023 07:00,3
25/02/2023 08:00,3
25/02/2023 09:00,3
25/02/2023 10:00,3
25/02/2023 11:00,3
25/02/2023 12:00,3
25/02/2023 13:00,3
25/02/2023 14:00,3
25/02/2023 15:00,3
25/02/2023 16:00,3
25/02/2023 17:00,3
25/02/2023 18:00,3
25/02/2023 19:00,3
25/02/2023 20:00,3
25/02/2023 21:00,3
25/02/2023 22:00,3
25/02/2023 23:00,3
26/02/2023 00:00,3
26/02/2023 01:00,3
26/02/2023 02:00,3
26/02/2023 03:00,3
26/02/2023 04:00,3
26/02/2023 05:00,3
26/02/2023 06:00,3
26/02/2023 07:00,3
26/02/2023 08:00,3
26/02/2023 09:00,3
26/02/2023 10:00,3
26/02/2023 11:00,3
26/02/2023 12:00,3
26/02/2023 13:00,3
26/02/2023 14:00,3
26/02/2023 15:00,3
26/02/2023 16:00,3
26/02/2023 17:00,3
26/02/2023 18:00,3
26/02/2023 19:00,3
26/02/2023 20:00,3
26/02/2023 21:00,3
26/02/2023 22:00,3
26/02/2023 23:00,3
29/03/2023 00:00,1
29/03/2023 01:00,1
29/03/2023 02:00,1
29/03/2023 03:00,1
29/03/2023 04:00,1
29/03/2023 05:00,1
29/03/2023 06:00,1
29/03/2023 07:00,1
29/03/2023 08:00,1
29/03/2023 09:00,1
29/03/2023 10:00,1
29/03/2023 11:00,1
29/03/2023 12:00,1
29/03/2023 13:00,1
29/03/2023 14:00,1
29/03/2023 15:00,1
29/03/2023 16:00,1
29/03/2023 17:00,1
29/03/2023 18:00,1
29/03/2023 19:00,1
29/03/2023 20:00,1
29/03/2023 21:00,1
29/03/2023 22:00,1
29/03/2023 23:00,1
30/03/2023 00:00,1
30/03/2023 01:00,1
30/03/2023 02:00,1
30/03/2023 03:00,1
30/03/2023 04:00,1
30/03/2023 05:00,1
30/03/2023 06:00,1
30/03/2023 07:00,1
30/03/2023 08:00,1
30/03/2023 09:00,1
30/03/2023 10:00,1
30/03/2023 11:00,1
30/03/2023 12:00,1
30/03/2023 13:00,1
30/03/2023 14:00,1
30/03/2023 15:00,1
30/03/2023 16:00,1
30/03/2023 17:00,1
30/03/2023 18:00,1
30/03/2023 19:00,1
30/03/2023 20:00,1
30/03/2023 21:00,1
30/03/2023 22:00,1
30/03/2023 23:00,1
31/03/2023 00:00,1
31/03/2023 01:00,1
31/03/2023 02:00,1
31/03/2023 03:00,1
31/03/2023 04:00,1
31/03/2023 05:00,1
31/03/2023 06:00,1
31/03/2023 07:00,1
31/03/2023 08:00,1
31/03/2023 09:00,1
31/03/2023 10:00,1
31/03/2023 11:00,1
31/03/2023 12:00,1
31/03/2023 13:00,1
31/03/2023 14:00,1
31/03/2023 15:00,1
31/03/2023 16:00,1
31/03/2023 17:00,1
31/03/2023 18:00,1
31/03/2023 19:00,1
31/03/2023 20:00,1
31/03/2023 21:00,1
31/03/2023 22:00,1
31/03/2023 23:00,1
01/04/2023 00:00,1
01/04/2023 01:00,1
01/04/2023 02:00,1
01/04/2023 03:00,1
01/04/2023 04:00,1
01/04/2023 05:00,1
01/04/2023 06:00,1
01/04/2023 07:00,1
01/04/2023 08:00,1
01/04/2023 09:00,1
01/04/2023 10:00,1
01/04/2023 11:00,1
01/04/2023 12:00,1
01/04/2023 13:00,1
01/04/2023 14:00,1
01/04/2023 15:00,1
01/04/2023 16:00,1
01/04/2023 17:00,1
01/04/2023 18:00,1
01/04/2023 19:00,1
01/04/2023 20:00,1
01/04/2023 21:00,1
01/04/2023 22:00,1
01/04/2023 23:00,1
02/04/2023 00:00,1
02/04/2023 01:00,1
02/04/2023 02:00,1
02/04/2023 03:00,1
02/04/2023 04:00,1
02/04/2023 05:00,1
02/04/2023 06:00,1
02/04/2023 07:00,1
02/04/2023 08:00,1
02/04/2023 09:00,1
02/04/2023 10:00,1
02/04/2023 11:00,1
02/04/2023 12:00,1
02/04/2023 13:00,1
02/04/2023 14:00,1
02/04/2023 15:00,1
02/04/2023 16:00,1
02/04/2023 17:00,1
02/04/2023 18:00,1
02/04/2023 19:00,1
02/04/2023 20:00,1
02/04/2023 21:00,1
02/04/2023 22:00,1
02/04/2023 23:00,1
03/04/2023 00:00,1
03/04/2023 01:00,1
03/04/2023 02:00,1
03/04/2023 03:00,1
03/04/2023 04:00,1
03/04/2023 05:00,1
03/04/2023 06:00,1
03/04/2023 07:00,1
03/04/2023 08:00,1
03/04/2023 09:00,1
03/04/2023 10:00,1
03/04/2023 11:00,1
03/04/2023 12:00,1
03/04/2023 13:00,1
03/04/2023 14:00,1
03/04/2023 15:00,1
03/04/2023 16:00,1
03/04/2023 17:00,1
03/04/2023 18:00,1
03/04/2023 19:00,1
03/04/2023 20:00,1
03/04/2023 21:00,1
03/04/2023 22:00,1
03/04/2023 23:00,1
04/04/2023 00:00,1
04/04/2023 01:00,1
04/04/2023 02:00,1
04/04/2023 03:00,1
04/04/2023 04:00,1
04/04/2023 05:00,1
04/04/2023 06:00,1
04/04/2023 07:00,1
04/04/2023 08:00,1
04/04/2023 09:00,1
04/04/2023 10:00,1
04/04/2023 11:00,1
04/04/2023 12:00,1
04/04/2023 13:00,1
04/04/2023 14:00,1
04/04/2023 15:00,1
04/04/2023 16:00,1
04/04/2023 17:00,1
04/04/2023 18:00,1
04/04/2023 19:00,1
04/04/2023 20:00,1
04/04/2023 21:00,1
04/04/2023 22:00,1
04/04/2023 23:00,1
05/04/2023 00:00,1
05/04/2023 01:00,1
05/04/2023 02:00,1
05/04/2023 03:00,1
05/04/2023 04:00,1
05/04/2023 05:00,1
05/04/2023 06:00,1
05/04/2023 07:00,1
05/04/2023 08:00,1
05/04/2023 09:00,1
05/04/2023 10:00,1
05/04/2023 11:00,1
05/04/2023 12:00,1
05/04/2023 13:00,1
05/04/2023 14:00,1
05/04/2023 15:00,1
05/04/2023 16:00,1
05/04/2023 17:00,1
05/04/2023 18:00,1
05/04/2023 19:00,1
05/04/2023 20:00,1
05/04/2023 21:00,1
05/04/2023 22:00,1
05/04/2023 23:00,1
12/04/2023 00:00,3
12/04/2023 01:00,3
12/04/2023 02:00,3
12/04/2023 03:00,3
12/04/2023 04:00,3
12/04/2023 05:00,3
12/04/2023 06:00,3
12/04/2023 07:00,3
12/04/2023 08:00,3
12/04/2023 09:00,3
12/04/2023 10:00,3
12/04/2023 11:00,3
12/04/2023 12:00,3
12/04/2023 13:00,3
12/04/2023 14:00,3
12/04/2023 15:00,3
12/04/2023 16:00,3
12/04/2023 17:00,3
12/04/2023 18:00,3
12/04/2023 19:00,3
12/04/2023 20:00,3
12/04/2023 21:00,3
12/04/2023 22:00,3
12/04/2023 23:00,3
13/04/2023 00:00,3
13/04/2023 01:00,3
13/04/2023 02:00,3
13/04/2023 03:00,3
13/04/2023 04:00,3
13/04/2023 05:00,3
13/04/2023 06:00,3
13/04/2023 07:00,3
13/04/2023 08:00,3
13/04/2023 09:00,3
13/04/2023 10:00,3
13/04/2023 11:00,3
13/04/2023 12:00,3
13/04/2023 13:00,3
13/04/2023 14:00,3
13/04/2023 15:00,3
13/04/2023 16:00,3
13/04/2023 17:00,3
13/04/2023 18:00,3
13/04/2023 19:00,3
13/04/2023 20:00,3
13/04/2023 21:00,3
13/04/2023 22:00,3
13/04/2023 23:00,3
14/04/2023 00:00,3
14/04/2023 01:00,3
14/04/2023 02:00,3
14/04/2023 03:00,3
14/04/2023 04:00,3
14/04/2023 05:00,3
14/04/2023 06:00,3
14/04/2023 07:00,3
14/04/2023 08:00,3
14/04/2023 09:00,3
14/04/2023 10:00,3
14/04/2023 11:00,3
14/04/2023 12:00,3
14/04/2023 13:00,3
14/04/2023 14:00,3
14/04/2023 15:00,3
14/04/2023 16:00,3
14/04/2023 17:00,3
14/04/2023 18:00,3
14/04/2023 19:00,3
14/04/2023 20:00,3
14/04/2023 21:00,3
14/04/2023 22:00,3
14/04/2023 23:00,3
15/04/2023 00:00,3
15/04/2023 01:00,3
15/04/2023 02:00,3
15/04/2023 03:00,3
15/04/2023 04:00,3
15/04/2023 05:00,3
15/04/2023 06:00,3
15/04/2023 07:00,3
15/04/2023 08:00,3
15/04/2023 09:00,3
15/04/2023 10:00,3
15/04/2023 11:00,3
15/04/2023 12:00,3
15/04/2023 13:00,3
15/04/2023 14:00,3
15/04/2023 15:00,3
15/04/2023 16:00,3
15/04/2023 17:00,3
15/04/2023 18:00,3
15/04/2023 19:00,3
15/04/2023 20:00,3
15/04/2023 21:00,3
15/04/2023 22:00,3
15/04/2023 23:00,3
16/04/2023 00:00,3
16/04/2023 01:00,3
16/04/2023 02:00,3
16/04/2023 03:00,3
16/04/2023 04:00,3
16/04/2023 05:00,3
16/04/2023 06:00,3
16/04/2023 07:00,3
16/04/2023 08:00,3
16/04/2023 09:00,3
16/04/2023 10:00,3
16/04/2023 11:00,3
16/04/2023 12:00,3
16/04/2023 13:00,3
16/04/2023 14:00,3
16/04/2023 15:00,3
16/04/2023 16:00,3
16/04/2023 17:00,3
16/04/2023 18:00,3
16/04/2023 19:00,3
16/04/2023 20:00,3
16/04/2023 21:00,3
16/04/2023 22:00,3
16/04/2023 23:00,3
17/04/2023 00:00,3
17/04/2023 01:00,3
17/04/2023 02:00,3
17/04/2023 03:00,3
17/04/2023 04:00,3
17/04/2023 05:00,3
17/04/2023 06:00,3
17/04/2023 07:00,3
17/04/2023 08:00,3
17/04/2023 09:00,3
17/04/2023 10:00,3
17/04/2023 11:00,3
17/04/2023 12:00,3
17/04/2023 13:00,3
17/04/2023 14:00,3
17/04/2023 15:00,3
17/04/2023 16:00,3
17/04/2023 17:00,3
17/04/2023 18:00,3
17/04/2023 19:00,3
17/04/2023 20:00,3
17/04/2023 21:00,3
17/04/2023 22:00,3
17/04/2023 23:00,3
18/04/2023 00:00,3
18/04/2023 01:00,3
18/04/2023 02:00,3
18/04/2023 03:00,3
18/04/2023 04:00,3
18/04/2023 05:00,3
18/04/2023 06:00,3
18/04/2023 07:00,3
18/04/2023 08:00,3
18/04/2023 09:00,3
18/04/2023 10:00,3
18/04/2023 11:00,3
18/04/2023 12:00,3
18/04/2023 13:00,3
18/04/2023 14:00,3
18/04/2023 15:00,3
18/04/2023 16:00,3
18/04/2023 17:00,3
18/04/2023 18:00,3
18/04/2023 19:00,3
18/04/2023 20:00,3
18/04/2023 21:00,3
18/04/2023 22:00,3
18/04/2023 23:00,3
19/04/2023 00:00,3
19/04/2023 01:00,3
19/04/2023 02:00,3
19/04/2023 03:00,3
19/04/2023 04:00,3
19/04/2023 05:00,3
19/04/2023 06:00,3
19/04/2023 07:00,3
19/04/2023 08:00,3
19/04/2023 09:00,3
19/04/2023 10:00,3
19/04/2023 11:00,3
19/04/2023 12:00,3
19/04/2023 13:00,3
19/04/2023 14:00,3
19/04/2023 15:00,3
19/04/2023 16:00,3
19/04/2023 17:00,3
19/04/2023 18:00,3
19/04/2023 19:00,3
19/04/2023 20:00,3
19/04/2023 21:00,3
19/04/2023 22:00,3
19/04/2023 23:00,3
20/04/2023 00:00,3
20/04/2023 01:00,3
20/04/2023 02:00,3
20/04/2023 03:00,3
20/04/2023 04:00,3
20/04/2023 05:00,3
20/04/2023 06:00,3
20/04/2023 07:00,3
20/04/2023 08:00,3
20/04/2023 09:00,3
20/04/2023 10:00,3
20/04/2023 11:00,3
20/04/2023 12:00,3
20/04/2023 13:00,3
20/04/2023 14:00,3
20/04/2023 15:00,3
20/04/2023 16:00,3
20/04/2023 17:00,3
20/04/2023 18:00,3
20/04/2023 19:00,3
20/04/2023 20:00,3
20/04/2023 21:00,3
20/04/2023 22:00,3
20/04/2023 23:00,3
21/04/2023 00:00,3
21/04/2023 01:00,3
21/04/2023 02:00,3
21/04/2023 03:00,3
21/04/2023 04:00,3
21/04/2023 05:00,3
21/04/2023 06:00,3
21/04/2023 07:00,3
21/04/2023 08:00,3
21/04/2023 09:00,3
21/04/2023 10:00,3
21/04/2023 11:00,3
21/04/2023 12:00,3
21/04/2023 13:00,3
21/04/2023 14:00,3
21/04/2023 15:00,3
21/04/2023 16:00,3
21/04/2023 17:00,3
21/04/2023 18:00,3
21/04/2023 19:00,3
21/04/2023 20:00,3
21/04/2023 21:00,3
21/04/2023 22:00,3
21/04/2023 23:00,3
22/04/2023 00:00,3
22/04/2023 01:00,3
22/04/2023 02:00,3
22/04/2023 03:00,3
22/04/2023 04:00,3
22/04/2023 05:00,3
22/04/2023 06:00,3
22/04/2023 07:00,3
22/04/2023 08:00,3
22/04/2023 09:00,3
22/04/2023 10:00,3
22/04/2023 11:00,3
22/04/2023 12:00,3
22/04/2023 13:00,3
22/04/2023 14:00,3
22/04/2023 15:00,3
22/04/2023 16:00,3
22/04/2023 17:00,3
22/04/2023 18:00,3
22/04/2023 19:00,3
22/04/2023 20:00,3
22/04/2023 21:00,3
22/04/2023 22:00,3
22/04/2023 23:00,3
23/04/2023 00:00,3
23/04/2023 01:00,3
23/04/2023 02:00,3
23/04/2023 03:00,3
23/04/2023 04:00,3
23/04/2023 05:00,3
23/04/2023 06:00,3
23/04/2023 07:00,3
23/04/2023 08:00,3
23/04/2023 09:00,3
23/04/2023 10:00,3
23/04/2023 11:00,3
23/04/2023 12:00,3
23/04/2023 13:00,3
23/04/2023 14:00,3
23/04/2023 15:00,3
23/04/2023 16:00,3
23/04/2023 17:00,3
23/04/2023 18:00,3
23/04/2023 19:00,3
23/04/2023 20:00,3
23/04/2023 21:00,3
23/04/2023 22:00,3
23/04/2023 23:00,3
24/04/2023 00:00,3
24/04/2023 01:00,3
24/04/2023 02:00,3
24/04/2023 03:00,3
24/04/2023 04:00,3
24/04/2023 05:00,3
24/04/2023 06:00,3
24/04/2023 07:00,3
24/04/2023 08:00,3
24/04/2023 09:00,3
24/04/2023 10:00,3
24/04/2023 11:00,3
24/04/2023 12:00,3
24/04/2023 13:00,3
24/04/2023 14:00,3
24/04/2023 15:00,3
24/04/2023 16:00,3
24/04/2023 17:00,3
24/04/2023 18:00,3
24/04/2023 19:00,3
24/04/2023 20:00,3
24/04/2023 21:00,3
24/04/2023 22:00,3
24/04/2023 23:00,3
25/04/2023 00:00,3
25/04/2023 01:00,3
25/04/2023 02:00,3
25/04/2023 03:00,3
25/04/2023 04:00,3
25/04/2023 05:00,3
25/04/2023 06:00,3
25/04/2023 07:00,3
25/04/2023 08:00,3
25/04/2023 09:00,3
25/04/2023 10:00,3
25/04/2023 11:00,3
25/04/2023 12:00,3
25/04/2023 13:00,3
25/04/2023 14:00,3
25/04/2023 15:00,3
25/04/2023 16:00,3
25/04/2023 17:00,3
25/04/2023 18:00,3
25/04/2023 19:00,3
25/04/2023 20:00,3
25/04/2023 21:00,3
25/04/2023 22:00,3
25/04/2023 23:00,3
29/05/2023 00:00,2
29/05/2023 01:00,2
29/05/2023 02:00,2
29/05/2023 03:00,2
29/05/2023 04:00,2
29/05/2023 05:00,2
29/05/2023 06:00,2
29/05/2023 07:00,2
29/05/2023 08:00,2
29/05/2023 09:00,2
29/05/2023 10:00,2
29/05/2023 11:00,2
29/05/2023 12:00,2
29/05/2023 13:00,2
29/05/2023 14:00,2
29/05/2023 15:00,2
29/05/2023 16:00,2
29/05/2023 17:00,2
29/05/2023 18:00,2
29/05/2023 19:00,2
29/05/2023 20:00,2
29/05/2023 21:00,2
29/05/2023 22:00,2
29/05/2023 23:00,2
30/05/2023 00:00,2
30/05/2023 01:00,2
30/05/2023 02:00,2
30/05/2023 03:00,2
30/05/2023 04:00,2
30/05/2023 05:00,2
30/05/2023 06:00,2
30/05/2023 07:00,2
30/05/2023 08:00,2
30/05/2023 09:00,2
30/05/2023 10:00,2
30/05/2023 11:00,2
30/05/2023 12:00,2
30/05/2023 13:00,2
30/05/2023 14:00,2
30/05/2023 15:00,2
30/05/2023 16:00,2
30/05/2023 17:00,2
30/05/2023 18:00,2
30/05/2023 19:00,2
30/05/2023 20:00,2
30/05/2023 21:00,2
30/05/2023 22:00,2
30/05/2023 23:00,2
31/05/2023 00:00,2
31/05/2023 01:00,2
31/05/2023 02:00,2
31/05/2023 03:00,2
31/05/2023 04:00,2
31/05/2023 05:00,2
31/05/2023 06:00,2
31/05/2023 07:00,2
31/05/2023 08:00,2
31/05/2023 09:00,2
31/05/2023 10:00,2
31/05/2023 11:00,2
31/05/2023 12:00,2
31/05/2023 13:00,2
31/05/2023 14:00,2
31/05/2023 15:00,2
31/05/2023 16:00,2
31/05/2023 17:00,2
31/05/2023 18:00,2
31/05/2023 19:00,2
31/05/2023 20:00,2
31/05/2023 21:00,2
31/05/2023 22:00,2
31/05/2023 23:00,2
01/06/2023 00:00,7
01/06/2023 01:00,7
01/06/2023 02:00,7
01/06/2023 03:00,7
01/06/2023 04:00,7
01/06/2023 05:00,7
01/06/2023 06:00,7
01/06/2023 07:00,7
01/06/2023 08:00,7
01/06/2023 09:00,7
01/06/2023 10:00,7
01/06/2023 11:00,7
01/06/2023 12:00,7
01/06/2023 13:00,7
01/06/2023 14:00,7
01/06/2023 15:00,7
01/06/2023 16:00,7
01/06/2023 17:00,7
01/06/2023 18:00,7
01/06/2023 19:00,7
01/06/2023 20:00,7
01/06/2023 21:00,7
01/06/2023 22:00,7
01/06/2023 23:00,7
02/06/2023 00:00,7
02/06/2023 01:00,7
02/06/2023 02:00,7
02/06/2023 03:00,7
02/06/2023 04:00,7
02/06/2023 05:00,7
02/06/2023 06:00,7
02/06/2023 07:00,7
02/06/2023 08:00,7
02/06/2023 09:00,7
02/06/2023 10:00,7
02/06/2023 11:00,7
02/06/2023 12:00,7
02/06/2023 13:00,7
02/06/2023 14:00,7
02/06/2023 15:00,7
02/06/2023 16:00,7
02/06/2023 17:00,7
02/06/2023 18:00,7
02/06/2023 19:00,7
02/06/2023 20:00,7
02/06/2023 21:00,7
02/06/2023 22:00,7
02/06/2023 23:00,7
03/06/2023 00:00,7
03/06/2023 01:00,7
03/06/2023 02:00,7
03/06/2023 03:00,7
03/06/2023 04:00,7
03/06/2023 05:00,7
03/06/2023 06:00,7
03/06/2023 07:00,7
03/06/2023 08:00,7
03/06/2023 09:00,7
03/06/2023 10:00,7
03/06/2023 11:00,7
03/06/2023 12:00,7
03/06/2023 13:00,7
03/06/2023 14:00,7
03/06/2023 15:00,7
03/06/2023 16:00,7
03/06/2023 17:00,7
03/06/2023 18:00,7
03/06/2023 19:00,7
03/06/2023 20:00,7
03/06/2023 21:00,7
03/06/2023 22:00,7
03/06/2023 23:00,7
04/06/2023 00:00,7
04/06/2023 01:00,7
04/06/2023 02:00,7
04/06/2023 03:00,7
04/06/2023 04:00,7
04/06/2023 05:00,7
04/06/2023 06:00,7
04/06/2023 07:00,7
04/06/2023 08:00,7
04/06/2023 09:00,7
04/06/2023 10:00,7
04/06/2023 11:00,7
04/06/2023 12:00,7
04/06/2023 13:00,7
04/06/2023 14:00,7
04/06/2023 15:00,7
04/06/2023 16:00,7
04/06/2023 17:00,7
04/06/2023 18:00,7
04/06/2023 19:00,7
04/06/2023 20:00,7
04/06/2023 21:00,7
04/06/2023 22:00,7
04/06/2023 23:00,7
31/07/2023 00:00,8
31/07/2023 01:00,8
31/07/2023 02:00,8
31/07/2023 03:00,8
31/07/2023 04:00,8
31/07/2023 05:00,8
31/07/2023 06:00,8
31/07/2023 07:00,8
31/07/2023 08:00,8
31/07/2023 09:00,8
31/07/2023 10:00,8
31/07/2023 11:00,8
31/07/2023 12:00,8
31/07/2023 13:00,8
31/07/2023 14:00,8
31/07/2023 15:00,8
31/07/2023 16:00,8
31/07/2023 17:00,8
31/07/2023 18:00,8
31/07/2023 19:00,8
31/07/2023 20:00,8
31/07/2023 21:00,8
31/07/2023 22:00,8
31/07/2023 23:00,8
01/08/2023 00:00,8
01/08/2023 01:00,8
01/08/2023 02:00,8
01/08/2023 03:00,8
01/08/2023 04:00,8
01/08/2023 05:00,8
01/08/2023 06:00,8
01/08/2023 07:00,8
01/08/2023 08:00,8
01/08/2023 09:00,8
01/08/2023 10:00,8
01/08/2023 11:00,8
01/08/2023 12:00,8
01/08/2023 13:00,8
01/08/2023 14:00,8
01/08/2023 15:00,8
01/08/2023 16:00,8
01/08/2023 17:00,8
01/08/2023 18:00,8
01/08/2023 19:00,8
01/08/2023 20:00,8
01/08/2023 21:00,8
01/08/2023 22:00,8
01/08/2023 23:00,8
02/08/2023 00:00,8
02/08/2023 01:00,8
02/08/2023 02:00,8
02/08/2023 03:00,8
02/08/2023 04:00,8
02/08/2023 05:00,8
02/08/2023 06:00,8
02/08/2023 07:00,8
02/08/2023 08:00,8
02/08/2023 09:00,8
02/08/2023 10:00,8
02/08/2023 11:00,8
02/08/2023 12:00,8
02/08/2023 13:00,8
02/08/2023 14:00,8
02/08/2023 15:00,8
02/08/2023 16:00,8
02/08/2023 17:00,8
02/08/2023 18:00,8
02/08/2023 19:00,8
02/08/2023 20:00,8
02/08/2023 21:00,8
02/08/2023 22:00,8
02/08/2023 23:00,8
03/08/2023 00:00,8
03/08/2023 01:00,8
03/08/2023 02:00,8
03/08/2023 03:00,8
03/08/2023 04:00,8
03/08/2023 05:00,8
03/08/2023 06:00,8
03/08/2023 07:00,8
03/08/2023 08:00,8
03/08/2023 09:00,8
03/08/2023 10:00,8
03/08/2023 11:00,8
03/08/2023 12:00,8
03/08/2023 13:00,8
03/08/2023 14:00,8
03/08/2023 15:00,8
03/08/2023 16:00,8
03/08/2023 17:00,8
03/08/2023 18:00,8
03/08/2023 19:00,8
03/08/2023 20:00,8
03/08/2023 21:00,8
03/08/2023 22:00,8
03/08/2023 23:00,8
04/08/2023 00:00,8
04/08/2023 01:00,8
04/08/2023 02:00,8
04/08/2023 03:00,8
04/08/2023 04:00,8
04/08/2023 05:00,8
04/08/2023 06:00,8
04/08/2023 07:00,8
04/08/2023 08:00,8
04/08/2023 09:00,8
04/08/2023 10:00,8
04/08/2023 11:00,8
04/08/2023 12:00,8
04/08/2023 13:00,8
04/08/2023 14:00,8
04/08/2023 15:00,8
04/08/2023 16:00,8
04/08/2023 17:00,8
04/08/2023 18:00,8
04/08/2023 19:00,8
04/08/2023 20:00,8
04/08/2023 21:00,8
04/08/2023 22:00,8
04/08/2023 23:00,8
26/07/2023 17:00,9
26/07/2023 18:00,9
26/07/2023 19:00,9
26/07/2023 20:00,9
26/07/2023 21:00,9
26/07/2023 22:00,9
26/07/2023 23:00,9
27/07/2023 00:00,9
27/07/2023 01:00,9
27/07/2023 02:00,9
27/07/2023 03:00,9
27/07/2023 04:00,9
27/07/2023 05:00,9
27/07/2023 06:00,9
27/07/2023 07:00,9
27/07/2023 17:00,9
27/07/2023 18:00,9
27/07/2023 19:00,9
27/07/2023 20:00,9
27/07/2023 21:00,9
27/07/2023 22:00,9
27/07/2023 23:00,9
28/07/2023 00:00,9
28/07/2023 01:00,9
28/07/2023 02:00,9
28/07/2023 03:00,9
28/07/2023 04:00,9
28/07/2023 05:00,9
28/07/2023 06:00,9
28/07/2023 07:00,9
28/07/2023 06:00,9
28/07/2023 07:00,9
28/07/2023 17:00,9
28/07/2023 18:00,9
28/07/2023 19:00,9
28/07/2023 20:00,9
28/07/2023 21:00,9
05/09/2023 17:00,9
05/09/2023 18:00,9
05/09/2023 19:00,9
05/09/2023 20:00,9
05/09/2023 21:00,9
05/09/2023 22:00,9
05/09/2023 23:00,9
06/09/2023 00:00,9
06/09/2023 01:00,9
06/09/2023 02:00,9
06/09/2023 03:00,9
06/09/2023 04:00,9
06/09/2023 05:00,9
06/09/2023 06:00,9
06/09/2023 07:00,9
06/09/2023 17:00,9
06/09/2023 18:00,9
06/09/2023 19:00,9
06/09/2023 20:00,9
06/09/2023 21:00,9
06/09/2023 22:00,9
06/09/2023 23:00,9
07/09/2023 00:00,9
07/09/2023 01:00,9
07/09/2023 02:00,9
07/09/2023 03:00,9
07/09/2023 04:00,9
07/09/2023 05:00,9
07/09/2023 06:00,9
07/09/2023 07:00,9
07/09/2023 17:00,9
07/09/2023 18:00,9
07/09/2023 19:00,9
07/09/2023 20:00,9
07/09/2023 21:00,9
30/08/2023 00:00,4
30/08/2023 01:00,4
30/08/2023 02:00,4
30/08/2023 03:00,4
30/08/2023 04:00,4
30/08/2023 05:00,4
30/08/2023 06:00,4
30/08/2023 07:00,4
30/08/2023 08:00,4
30/08/2023 09:00,4
30/08/2023 10:00,4
30/08/2023 11:00,4
30/08/2023 12:00,4
30/08/2023 13:00,4
30/08/2023 14:00,4
30/08/2023 15:00,4
30/08/2023 16:00,4
30/08/2023 17:00,4
30/08/2023 18:00,4
30/08/2023 19:00,4
30/08/2023 20:00,4
30/08/2023 21:00,4
30/08/2023 22:00,4
30/08/2023 23:00,4
31/08/2023 00:00,4
31/08/2023 01:00,4
31/08/2023 02:00,4
31/08/2023 03:00,4
31/08/2023 04:00,4
31/08/2023 05:00,4
31/08/2023 06:00,4
31/08/2023 07:00,4
31/08/2023 08:00,4
31/08/2023 09:00,4
31/08/2023 10:00,4
31/08/2023 11:00,4
31/08/2023 12:00,4
31/08/2023 13:00,4
31/08/2023 14:00,4
31/08/2023 15:00,4
31/08/2023 16:00,4
31/08/2023 17:00,4
31/08/2023 18:00,4
31/08/2023 19:00,4
31/08/2023 20:00,4
31/08/2023 21:00,4
31/08/2023 22:00,4
31/08/2023 23:00,4
01/09/2023 00:00,4
01/09/2023 01:00,4
01/09/2023 02:00,4
01/09/2023 03:00,4
01/09/2023 04:00,4
01/09/2023 05:00,4
01/09/2023 06:00,4
01/09/2023 07:00,4
01/09/2023 08:00,4
01/09/2023 09:00,4
01/09/2023 10:00,4
01/09/2023 11:00,4
01/09/2023 12:00,4
01/09/2023 13:00,4
01/09/2023 14:00,4
01/09/2023 15:00,4
01/09/2023 16:00,4
01/09/2023 17:00,4
01/09/2023 18:00,4
01/09/2023 19:00,4
01/09/2023 20:00,4
01/09/2023 21:00,4
01/09/2023 22:00,4
01/09/2023 23:00,4
02/09/2023 00:00,4
02/09/2023 01:00,4
02/09/2023 02:00,4
02/09/2023 03:00,4
02/09/2023 04:00,4
02/09/2023 05:00,4
02/09/2023 06:00,4
02/09/2023 07:00,4
02/09/2023 08:00,4
02/09/2023 09:00,4
02/09/2023 10:00,4
02/09/2023 11:00,4
02/09/2023 12:00,4
02/09/2023 13:00,4
02/09/2023 14:00,4
02/09/2023 15:00,4
02/09/2023 16:00,4
02/09/2023 17:00,4
02/09/2023 18:00,4
02/09/2023 19:00,4
02/09/2023 20:00,4
02/09/2023 21:00,4
02/09/2023 22:00,4
02/09/2023 23:00,4
03/09/2023 00:00,4
03/09/2023 01:00,4
03/09/2023 02:00,4
03/09/2023 03:00,4
03/09/2023 04:00,4
03/09/2023 05:00,4
03/09/2023 06:00,4
03/09/2023 07:00,4
03/09/2023 08:00,4
03/09/2023 09:00,4
03/09/2023 10:00,4
03/09/2023 11:00,4
03/09/2023 12:00,4
03/09/2023 13:00,4
03/09/2023 14:00,4
03/09/2023 15:00,4
03/09/2023 16:00,4
03/09/2023 17:00,4
03/09/2023 18:00,4
03/09/2023 19:00,4
03/09/2023 20:00,4
03/09/2023 21:00,4
03/09/2023 22:00,4
03/09/2023 23:00,4
04/09/2023 00:00,4
04/09/2023 01:00,4
04/09/2023 02:00,4
04/09/2023 03:00,4
04/09/2023 04:00,4
04/09/2023 05:00,4
04/09/2023 06:00,4
04/09/2023 07:00,4
04/09/2023 08:00,4
04/09/2023 09:00,4
04/09/2023 10:00,4
04/09/2023 11:00,4
04/09/2023 12:00,4
04/09/2023 13:00,4
04/09/2023 14:00,4
04/09/2023 15:00,4
04/09/2023 16:00,4
04/09/2023 17:00,4
04/09/2023 18:00,4
04/09/2023 19:00,4
04/09/2023 20:00,4
04/09/2023 21:00,4
04/09/2023 22:00,4
04/09/2023 23:00,4
05/09/2023 00:00,4
05/09/2023 01:00,4
05/09/2023 02:00,4
05/09/2023 03:00,4
05/09/2023 04:00,4
05/09/2023 05:00,4
05/09/2023 06:00,4
05/09/2023 07:00,4
05/09/2023 08:00,4
05/09/2023 09:00,4
05/09/2023 10:00,4
05/09/2023 11:00,4
05/09/2023 12:00,4
05/09/2023 13:00,4
05/09/2023 14:00,4
05/09/2023 15:00,4
05/09/2023 16:00,4
05/09/2023 17:00,4
05/09/2023 18:00,4
05/09/2023 19:00,4
05/09/2023 20:00,4
05/09/2023 21:00,4
05/09/2023 22:00,4
05/09/2023 23:00,4
06/09/2023 00:00,4
06/09/2023 01:00,4
06/09/2023 02:00,4
06/09/2023 03:00,4
06/09/2023 04:00,4
06/09/2023 05:00,4
06/09/2023 06:00,4
06/09/2023 07:00,4
06/09/2023 08:00,4
06/09/2023 09:00,4
06/09/2023 10:00,4
06/09/2023 11:00,4
06/09/2023 12:00,4
06/09/2023 13:00,4
06/09/2023 14:00,4
06/09/2023 15:00,4
06/09/2023 16:00,4
06/09/2023 17:00,4
06/09/2023 18:00,4
06/09/2023 19:00,4
06/09/2023 20:00,4
06/09/2023 21:00,4
06/09/2023 22:00,4
06/09/2023 23:00,4
07/09/2023 00:00,4
07/09/2023 01:00,4
07/09/2023 02:00,4
07/09/2023 03:00,4
07/09/2023 04:00,4
07/09/2023 05:00,4
07/09/2023 06:00,4
07/09/2023 07:00,4
07/09/2023 08:00,4
07/09/2023 09:00,4
07/09/2023 10:00,4
07/09/2023 11:00,4
07/09/2023 12:00,4
07/09/2023 13:00,4
07/09/2023 14:00,4
07/09/2023 15:00,4
07/09/2023 16:00,4
07/09/2023 17:00,4
07/09/2023 18:00,4
07/09/2023 19:00,4
07/09/2023 20:00,4
07/09/2023 21:00,4
07/09/2023 22:00,4
07/09/2023 23:00,4
08/09/2023 00:00,4
08/09/2023 01:00,4
08/09/2023 02:00,4
08/09/2023 03:00,4
08/09/2023 04:00,4
08/09/2023 05:00,4
08/09/2023 06:00,4
08/09/2023 07:00,4
08/09/2023 08:00,4
08/09/2023 09:00,4
08/09/2023 10:00,4
08/09/2023 11:00,4
08/09/2023 12:00,4
08/09/2023 13:00,4
08/09/2023 14:00,4
08/09/2023 15:00,4
08/09/2023 16:00,4
08/09/2023 17:00,4
08/09/2023 18:00,4
08/09/2023 19:00,4
08/09/2023 20:00,4
08/09/2023 21:00,4
08/09/2023 22:00,4
08/09/2023 23:00,4
09/09/2023 00:00,4
09/09/2023 01:00,4
09/09/2023 02:00,4
09/09/2023 03:00,4
09/09/2023 04:00,4
09/09/2023 05:00,4
09/09/2023 06:00,4
09/09/2023 07:00,4
09/09/2023 08:00,4
09/09/2023 09:00,4
09/09/2023 10:00,4
09/09/2023 11:00,4
09/09/2023 12:00,4
09/09/2023 13:00,4
09/09/2023 14:00,4
09/09/2023 15:00,4
09/09/2023 16:00,4
09/09/2023 17:00,4
09/09/2023 18:00,4
09/09/2023 19:00,4
09/09/2023 20:00,4
09/09/2023 21:00,4
09/09/2023 22:00,4
09/09/2023 23:00,4
10/09/2023 00:00,4
10/09/2023 01:00,4
10/09/2023 02:00,4
10/09/2023 03:00,4
10/09/2023 04:00,4
10/09/2023 05:00,4
10/09/2023 06:00,4
10/09/2023 07:00,4
10/09/2023 08:00,4
10/09/2023 09:00,4
10/09/2023 10:00,4
10/09/2023 11:00,4
10/09/2023 12:00,4
10/09/2023 13:00,4
10/09/2023 14:00,4
10/09/2023 15:00,4
10/09/2023 16:00,4
10/09/2023 17:00,4
10/09/2023 18:00,4
10/09/2023 19:00,4
10/09/2023 20:00,4
10/09/2023 21:00,4
10/09/2023 22:00,4
10/09/2023 23:00,4
11/09/2023 00:00,4
11/09/2023 01:00,4
11/09/2023 02:00,4
11/09/2023 03:00,4
11/09/2023 04:00,4
11/09/2023 05:00,4
11/09/2023 06:00,4
11/09/2023 07:00,4
11/09/2023 08:00,4
11/09/2023 09:00,4
11/09/2023 10:00,4
11/09/2023 11:00,4
11/09/2023 12:00,4
11/09/2023 13:00,4
11/09/2023 14:00,4
11/09/2023 15:00,4
11/09/2023 16:00,4
11/09/2023 17:00,4
11/09/2023 18:00,4
11/09/2023 19:00,4
11/09/2023 20:00,4
11/09/2023 21:00,4
11/09/2023 22:00,4
11/09/2023 23:00,4
12/09/2023 00:00,4
12/09/2023 01:00,4
12/09/2023 02:00,4
12/09/2023 03:00,4
12/09/2023 04:00,4
12/09/2023 05:00,4
12/09/2023 06:00,4
12/09/2023 07:00,4
12/09/2023 08:00,4
12/09/2023 09:00,4
12/09/2023 10:00,4
12/09/2023 11:00,4
12/09/2023 12:00,4
12/09/2023 13:00,4
12/09/2023 14:00,4
12/09/2023 15:00,4
12/09/2023 16:00,4
12/09/2023 17:00,4
12/09/2023 18:00,4
12/09/2023 19:00,4
12/09/2023 20:00,4
12/09/2023 21:00,4
12/09/2023 22:00,4
12/09/2023 23:00,4
13/09/2023 00:00,4
13/09/2023 01:00,4
13/09/2023 02:00,4
13/09/2023 03:00,4
13/09/2023 04:00,4
13/09/2023 05:00,4
13/09/2023 06:00,4
13/09/2023 07:00,4
13/09/2023 08:00,4
13/09/2023 09:00,4
13/09/2023 10:00,4
13/09/2023 11:00,4
13/09/2023 12:00,4
13/09/2023 13:00,4
13/09/2023 14:00,4
13/09/2023 15:00,4
13/09/2023 16:00,4
13/09/2023 17:00,4
13/09/2023 18:00,4
13/09/2023 19:00,4
13/09/2023 20:00,4
13/09/2023 21:00,4
13/09/2023 22:00,4
13/09/2023 23:00,4
14/09/2023 00:00,4
14/09/2023 01:00,4
14/09/2023 02:00,4
14/09/2023 03:00,4
14/09/2023 04:00,4
14/09/2023 05:00,4
14/09/2023 06:00,4
14/09/2023 07:00,4
14/09/2023 08:00,4
14/09/2023 09:00,4
14/09/2023 10:00,4
14/09/2023 11:00,4
14/09/2023 12:00,4
14/09/2023 13:00,4
14/09/2023 14:00,4
14/09/2023 15:00,4
14/09/2023 16:00,4
14/09/2023 17:00,4
14/09/2023 18:00,4
14/09/2023 19:00,4
14/09/2023 20:00,4
14/09/2023 21:00,4
14/09/2023 22:00,4
14/09/2023 23:00,4
15/09/2023 00:00,4
15/09/2023 01:00,4
15/09/2023 02:00,4
15/09/2023 03:00,4
15/09/2023 04:00,4
15/09/2023 05:00,4
15/09/2023 06:00,4
15/09/2023 07:00,4
15/09/2023 08:00,4
15/09/2023 09:00,4
15/09/2023 10:00,4
15/09/2023 11:00,4
15/09/2023 12:00,4
15/09/2023 13:00,4
15/09/2023 14:00,4
15/09/2023 15:00,4
15/09/2023 16:00,4
15/09/2023 17:00,4
15/09/2023 18:00,4
15/09/2023 19:00,4
15/09/2023 20:00,4
15/09/2023 21:00,4
15/09/2023 22:00,4
15/09/2023 23:00,4
16/09/2023 00:00,4
16/09/2023 01:00,4
16/09/2023 02:00,4
16/09/2023 03:00,4
16/09/2023 04:00,4
16/09/2023 05:00,4
16/09/2023 06:00,4
16/09/2023 07:00,4
16/09/2023 08:00,4
16/09/2023 09:00,4
16/09/2023 10:00,4
16/09/2023 11:00,4
16/09/2023 12:00,4
16/09/2023 13:00,4
16/09/2023 14:00,4
16/09/2023 15:00,4
16/09/2023 16:00,4
16/09/2023 17:00,4
16/09/2023 18:00,4
16/09/2023 19:00,4
16/09/2023 20:00,4
16/09/2023 21:00,4
16/09/2023 22:00,4
16/09/2023 23:00,4
17/09/2023 00:00,4
17/09/2023 01:00,4
17/09/2023 02:00,4
17/09/2023 03:00,4
17/09/2023 04:00,4
17/09/2023 05:00,4
17/09/2023 06:00,4
17/09/2023 07:00,4
17/09/2023 08:00,4
17/09/2023 09:00,4
17/09/2023 10:00,4
17/09/2023 11:00,4
17/09/2023 12:00,4
17/09/2023 13:00,4
17/09/2023 14:00,4
17/09/2023 15:00,4
17/09/2023 16:00,4
17/09/2023 17:00,4
17/09/2023 18:00,4
17/09/2023 19:00,4
17/09/2023 20:00,4
17/09/2023 21:00,4
17/09/2023 22:00,4
17/09/2023 23:00,4
02/10/2023 00:00,2
02/10/2023 01:00,2
02/10/2023 02:00,2
02/10/2023 03:00,2
02/10/2023 04:00,2
02/10/2023 05:00,2
02/10/2023 06:00,2
02/10/2023 07:00,2
02/10/2023 08:00,2
02/10/2023 09:00,2
02/10/2023 10:00,2
02/10/2023 11:00,2
02/10/2023 12:00,2
02/10/2023 13:00,2
02/10/2023 14:00,2
02/10/2023 15:00,2
02/10/2023 16:00,2
02/10/2023 17:00,2
02/10/2023 18:00,2
02/10/2023 19:00,2
02/10/2023 20:00,2
02/10/2023 21:00,2
02/10/2023 22:00,2
02/10/2023 23:00,2
03/10/2023 00:00,2
03/10/2023 01:00,2
03/10/2023 02:00,2
03/10/2023 03:00,2
03/10/2023 04:00,2
03/10/2023 05:00,2
03/10/2023 06:00,2
03/10/2023 07:00,2
03/10/2023 08:00,2
03/10/2023 09:00,2
03/10/2023 10:00,2
03/10/2023 11:00,2
03/10/2023 12:00,2
03/10/2023 13:00,2
03/10/2023 14:00,2
03/10/2023 15:00,2
03/10/2023 16:00,2
03/10/2023 17:00,2
03/10/2023 18:00,2
03/10/2023 19:00,2
03/10/2023 20:00,2
03/10/2023 21:00,2
03/10/2023 22:00,2
03/10/2023 23:00,2
04/10/2023 00:00,2
04/10/2023 01:00,2
04/10/2023 02:00,2
04/10/2023 03:00,2
04/10/2023 04:00,2
04/10/2023 05:00,2
04/10/2023 06:00,2
04/10/2023 07:00,2
04/10/2023 08:00,2
04/10/2023 09:00,2
04/10/2023 10:00,2
04/10/2023 11:00,2
04/10/2023 12:00,2
04/10/2023 13:00,2
04/10/2023 14:00,2
04/10/2023 15:00,2
04/10/2023 16:00,2
04/10/2023 17:00,2
04/10/2023 18:00,2
04/10/2023 19:00,2
04/10/2023 20:00,2
04/10/2023 21:00,2
04/10/2023 22:00,2
04/10/2023 23:00,2
05/10/2023 00:00,7
05/10/2023 01:00,7
05/10/2023 02:00,7
05/10/2023 03:00,7
05/10/2023 04:00,7
05/10/2023 05:00,7
05/10/2023 06:00,7
05/10/2023 07:00,7
05/10/2023 08:00,7
05/10/2023 09:00,7
05/10/2023 10:00,7
05/10/2023 11:00,7
05/10/2023 12:00,7
05/10/2023 13:00,7
05/10/2023 14:00,7
05/10/2023 15:00,7
05/10/2023 16:00,7
05/10/2023 17:00,7
05/10/2023 18:00,7
05/10/2023 19:00,7
05/10/2023 20:00,7
05/10/2023 21:00,7
05/10/2023 22:00,7
05/10/2023 23:00,7
06/10/2023 00:00,7
06/10/2023 01:00,7
06/10/2023 02:00,7
06/10/2023 03:00,7
06/10/2023 04:00,7
06/10/2023 05:00,7
06/10/2023 06:00,7
06/10/2023 07:00,7
06/10/2023 08:00,7
06/10/2023 09:00,7
06/10/2023 10:00,7
06/10/2023 11:00,7
06/10/2023 12:00,7
06/10/2023 13:00,7
06/10/2023 14:00,7
06/10/2023 15:00,7
06/10/2023 16:00,7
06/10/2023 17:00,7
06/10/2023 18:00,7
06/10/2023 19:00,7
06/10/2023 20:00,7
06/10/2023 21:00,7
06/10/2023 22:00,7
06/10/2023 23:00,7
07/10/2023 00:00,7
07/10/2023 01:00,7
07/10/2023 02:00,7
07/10/2023 03:00,7
07/10/2023 04:00,7
07/10/2023 05:00,7
07/10/2023 06:00,7
07/10/2023 07:00,7
07/10/2023 08:00,7
07/10/2023 09:00,7
07/10/2023 10:00,7
07/10/2023 11:00,7
07/10/2023 12:00,7
07/10/2023 13:00,7
07/10/2023 14:00,7
07/10/2023 15:00,7
07/10/2023 16:00,7
07/10/2023 17:00,7
07/10/2023 18:00,7
07/10/2023 19:00,7
07/10/2023 20:00,7
07/10/2023 21:00,7
07/10/2023 22:00,7
07/10/2023 23:00,7
08/10/2023 00:00,7
08/10/2023 01:00,7
08/10/2023 02:00,7
08/10/2023 03:00,7
08/10/2023 04:00,7
08/10/2023 05:00,7
08/10/2023 06:00,7
08/10/2023 07:00,7
08/10/2023 08:00,7
08/10/2023 09:00,7
08/10/2023 10:00,7
08/10/2023 11:00,7
08/10/2023 12:00,7
08/10/2023 13:00,7
08/10/2023 14:00,7
08/10/2023 15:00,7
08/10/2023 16:00,7
08/10/2023 17:00,7
08/10/2023 18:00,7
08/10/2023 19:00,7
08/10/2023 20:00,7
08/10/2023 21:00,7
08/10/2023 22:00,7
08/10/2023 23:00,7
30/10/2023 17:00,9
30/10/2023 18:00,9
30/10/2023 19:00,9
30/10/2023 20:00,9
30/10/2023 21:00,9
30/10/2023 22:00,9
30/10/2023 23:00,9
31/10/2023 00:00,9
31/10/2023 01:00,9
31/10/2023 02:00,9
31/10/2023 03:00,9
31/10/2023 04:00,9
31/10/2023 05:00,9
31/10/2023 06:00,9
31/10/2023 07:00,9
31/10/2023 17:00,9
31/10/2023 18:00,9
31/10/2023 19:00,9
31/10/2023 20:00,9
31/10/2023 21:00,9
31/10/2023 22:00,9
31/10/2023 23:00,9
01/11/2023 00:00,9
01/11/2023 01:00,9
01/11/2023 02:00,9
01/11/2023 03:00,9
01/11/2023 04:00,9
01/11/2023 05:00,9
01/11/2023 06:00,9
01/11/2023 07:00,9
01/11/2023 17:00,9
01/11/2023 18:00,9
01/11/2023 19:00,9
01/11/2023 20:00,9
01/11/2023 21:00,9
01/11/2023 22:00,9
01/11/2023 23:00,9
14/11/2023 00:00,3
14/11/2023 01:00,3
14/11/2023 02:00,3
14/11/2023 03:00,3
14/11/2023 04:00,3
14/11/2023 05:00,3
14/11/2023 06:00,3
14/11/2023 07:00,3
14/11/2023 08:00,3
14/11/2023 09:00,3
14/11/2023 10:00,3
14/11/2023 11:00,3
14/11/2023 12:00,3
14/11/2023 13:00,3
14/11/2023 14:00,3
14/11/2023 15:00,3
14/11/2023 16:00,3
14/11/2023 17:00,3
14/11/2023 18:00,3
14/11/2023 19:00,3
14/11/2023 20:00,3
14/11/2023 21:00,3
14/11/2023 22:00,3
14/11/2023 23:00,3
15/11/2023 00:00,3
15/11/2023 01:00,3
15/11/2023 02:00,3
15/11/2023 03:00,3
15/11/2023 04:00,3
15/11/2023 05:00,3
15/11/2023 06:00,3
15/11/2023 07:00,3
15/11/2023 08:00,3
15/11/2023 09:00,3
15/11/2023 10:00,3
15/11/2023 11:00,3
15/11/2023 12:00,3
15/11/2023 13:00,3
15/11/2023 14:00,3
15/11/2023 15:00,3
15/11/2023 16:00,3
15/11/2023 17:00,3
15/11/2023 18:00,3
15/11/2023 19:00,3
15/11/2023 20:00,3
15/11/2023 21:00,3
15/11/2023 22:00,3
15/11/2023 23:00,3
16/11/2023 00:00,3
16/11/2023 01:00,3
16/11/2023 02:00,3
16/11/2023 03:00,3
16/11/2023 04:00,3
16/11/2023 05:00,3
16/11/2023 06:00,3
16/11/2023 07:00,3
16/11/2023 08:00,3
16/11/2023 09:00,3
16/11/2023 10:00,3
16/11/2023 11:00,3
16/11/2023 12:00,3
16/11/2023 13:00,3
16/11/2023 14:00,3
16/11/2023 15:00,3
16/11/2023 16:00,3
16/11/2023 17:00,3
16/11/2023 18:00,3
16/11/2023 19:00,3
16/11/2023 20:00,3
16/11/2023 21:00,3
16/11/2023 22:00,3
16/11/2023 23:00,3
17/11/2023 00:00,3
17/11/2023 01:00,3
17/11/2023 02:00,3
17/11/2023 03:00,3
17/11/2023 04:00,3
17/11/2023 05:00,3
17/11/2023 06:00,3
17/11/2023 07:00,3
17/11/2023 08:00,3
17/11/2023 09:00,3
17/11/2023 10:00,3
17/11/2023 11:00,3
17/11/2023 12:00,3
17/11/2023 13:00,3
17/11/2023 14:00,3
17/11/2023 15:00,3
17/11/2023 16:00,3
17/11/2023 17:00,3
17/11/2023 18:00,3
17/11/2023 19:00,3
17/11/2023 20:00,3
17/11/2023 21:00,3
17/11/2023 22:00,3
17/11/2023 23:00,3
18/11/2023 00:00,3
18/11/2023 01:00,3
18/11/2023 02:00,3
18/11/2023 03:00,3
18/11/2023 04:00,3
18/11/2023 05:00,3
18/11/2023 06:00,3
18/11/2023 07:00,3
18/11/2023 08:00,3
18/11/2023 09:00,3
18/11/2023 10:00,3
18/11/2023 11:00,3
18/11/2023 12:00,3
18/11/2023 13:00,3
18/11/2023 14:00,3
18/11/2023 15:00,3
18/11/2023 16:00,3
18/11/2023 17:00,3
18/11/2023 18:00,3
18/11/2023 19:00,3
18/11/2023 20:00,3
18/11/2023 21:00,3
18/11/2023 22:00,3
18/11/2023 23:00,3
19/11/2023 00:00,3
19/11/2023 01:00,3
19/11/2023 02:00,3
19/11/2023 03:00,3
19/11/2023 04:00,3
19/11/2023 05:00,3
19/11/2023 06:00,3
19/11/2023 07:00,3
19/11/2023 08:00,3
19/11/2023 09:00,3
19/11/2023 10:00,3
19/11/2023 11:00,3
19/11/2023 12:00,3
19/11/2023 13:00,3
19/11/2023 14:00,3
19/11/2023 15:00,3
19/11/2023 16:00,3
19/11/2023 17:00,3
19/11/2023 18:00,3
19/11/2023 19:00,3
19/11/2023 20:00,3
19/11/2023 21:00,3
19/11/2023 22:00,3
19/11/2023 23:00,3
20/11/2023 00:00,3
20/11/2023 01:00,3
20/11/2023 02:00,3
20/11/2023 03:00,3
20/11/2023 04:00,3
20/11/2023 05:00,3
20/11/2023 06:00,3
20/11/2023 07:00,3
20/11/2023 08:00,3
20/11/2023 09:00,3
20/11/2023 10:00,3
20/11/2023 11:00,3
20/11/2023 12:00,3
20/11/2023 13:00,3
20/11/2023 14:00,3
20/11/2023 15:00,3
20/11/2023 16:00,3
20/11/2023 17:00,3
20/11/2023 18:00,3
20/11/2023 19:00,3
20/11/2023 20:00,3
20/11/2023 21:00,3
20/11/2023 22:00,3
20/11/2023 23:00,3
21/11/2023 00:00,3
21/11/2023 01:00,3
21/11/2023 02:00,3
21/11/2023 03:00,3
21/11/2023 04:00,3
21/11/2023 05:00,3
21/11/2023 06:00,3
21/11/2023 07:00,3
21/11/2023 08:00,3
21/11/2023 09:00,3
21/11/2023 10:00,3
21/11/2023 11:00,3
21/11/2023 12:00,3
21/11/2023 13:00,3
21/11/2023 14:00,3
21/11/2023 15:00,3
21/11/2023 16:00,3
21/11/2023 17:00,3
21/11/2023 18:00,3
21/11/2023 19:00,3
21/11/2023 20:00,3
21/11/2023 21:00,3
21/11/2023 22:00,3
21/11/2023 23:00,3
22/11/2023 00:00,3
22/11/2023 01:00,3
22/11/2023 02:00,3
22/11/2023 03:00,3
22/11/2023 04:00,3
22/11/2023 05:00,3
22/11/2023 06:00,3
22/11/2023 07:00,3
22/11/2023 08:00,3
22/11/2023 09:00,3
22/11/2023 10:00,3
22/11/2023 11:00,3
22/11/2023 12:00,3
22/11/2023 13:00,3
22/11/2023 14:00,3
22/11/2023 15:00,3
22/11/2023 16:00,3
22/11/2023 17:00,3
22/11/2023 18:00,3
22/11/2023 19:00,3
22/11/2023 20:00,3
22/11/2023 21:00,3
22/11/2023 22:00,3
22/11/2023 23:00,3
23/11/2023 00:00,3
23/11/2023 01:00,3
23/11/2023 02:00,3
23/11/2023 03:00,3
23/11/2023 04:00,3
23/11/2023 05:00,3
23/11/2023 06:00,3
23/11/2023 07:00,3
23/11/2023 08:00,3
23/11/2023 09:00,3
23/11/2023 10:00,3
23/11/2023 11:00,3
23/11/2023 12:00,3
23/11/2023 13:00,3
23/11/2023 14:00,3
23/11/2023 15:00,3
23/11/2023 16:00,3
23/11/2023 17:00,3
23/11/2023 18:00,3
23/11/2023 19:00,3
23/11/2023 20:00,3
23/11/2023 21:00,3
23/11/2023 22:00,3
23/11/2023 23:00,3
24/11/2023 00:00,3
24/11/2023 01:00,3
24/11/2023 02:00,3
24/11/2023 03:00,3
24/11/2023 04:00,3
24/11/2023 05:00,3
24/11/2023 06:00,3
24/11/2023 07:00,3
24/11/2023 08:00,3
24/11/2023 09:00,3
24/11/2023 10:00,3
24/11/2023 11:00,3
24/11/2023 12:00,3
24/11/2023 13:00,3
24/11/2023 14:00,3
24/11/2023 15:00,3
24/11/2023 16:00,3
24/11/2023 17:00,3
24/11/2023 18:00,3
24/11/2023 19:00,3
24/11/2023 20:00,3
24/11/2023 21:00,3
24/11/2023 22:00,3
24/11/2023 23:00,3
25/11/2023 00:00,3
25/11/2023 01:00,3
25/11/2023 02:00,3
25/11/2023 03:00,3
25/11/2023 04:00,3
25/11/2023 05:00,3
25/11/2023 06:00,3
25/11/2023 07:00,3
25/11/2023 08:00,3
25/11/2023 09:00,3
25/11/2023 10:00,3
25/11/2023 11:00,3
25/11/2023 12:00,3
25/11/2023 13:00,3
25/11/2023 14:00,3
25/11/2023 15:00,3
25/11/2023 16:00,3
25/11/2023 17:00,3
25/11/2023 18:00,3
25/11/2023 19:00,3
25/11/2023 20:00,3
25/11/2023 21:00,3
25/11/2023 22:00,3
25/11/2023 23:00,3
26/11/2023 00:00,3
26/11/2023 01:00,3
26/11/2023 02:00,3
26/11/2023 03:00,3
26/11/2023 04:00,3
26/11/2023 05:00,3
26/11/2023 06:00,3
26/11/2023 07:00,3
26/11/2023 08:00,3
26/11/2023 09:00,3
26/11/2023 10:00,3
26/11/2023 11:00,3
26/11/2023 12:00,3
26/11/2023 13:00,3
26/11/2023 14:00,3
26/11/2023 15:00,3
26/11/2023 16:00,3
26/11/2023 17:00,3
26/11/2023 18:00,3
26/11/2023 19:00,3
26/11/2023 20:00,3
26/11/2023 21:00,3
26/11/2023 22:00,3
26/11/2023 23:00,3
27/11/2023 00:00,3
27/11/2023 01:00,3
27/11/2023 02:00,3
27/11/2023 03:00,3
27/11/2023 04:00,3
27/11/2023 05:00,3
27/11/2023 06:00,3
27/11/2023 07:00,3
27/11/2023 08:00,3
27/11/2023 09:00,3
27/11/2023 10:00,3
27/11/2023 11:00,3
27/11/2023 12:00,3
27/11/2023 13:00,3
27/11/2023 14:00,3
27/11/2023 15:00,3
27/11/2023 16:00,3
27/11/2023 17:00,3
27/11/2023 18:00,3
27/11/2023 19:00,3
27/11/2023 20:00,3
27/11/2023 21:00,3
27/11/2023 22:00,3
27/11/2023 23:00,3
28/11/2023 00:00,3
28/11/2023 01:00,3
28/11/2023 02:00,3
28/11/2023 03:00,3
28/11/2023 04:00,3
28/11/2023 05:00,3
28/11/2023 06:00,3
28/11/2023 07:00,3
28/11/2023 08:00,3
28/11/2023 09:00,3
28/11/2023 10:00,3
28/11/2023 11:00,3
28/11/2023 12:00,3
28/11/2023 13:00,3
28/11/2023 14:00,3
28/11/2023 15:00,3
28/11/2023 16:00,3
28/11/2023 17:00,3
28/11/2023 18:00,3
28/11/2023 19:00,3
28/11/2023 20:00,3
28/11/2023 21:00,3
28/11/2023 22:00,3
28/11/2023 23:00,3
29/11/2023 00:00,3
29/11/2023 01:00,3
29/11/2023 02:00,3
29/11/2023 03:00,3
29/11/2023 04:00,3
29/11/2023 05:00,3
29/11/2023 06:00,3
29/11/2023 07:00,3
29/11/2023 08:00,3
29/11/2023 09:00,3
29/11/2023 10:00,3
29/11/2023 11:00,3
29/11/2023 12:00,3
29/11/2023 13:00,3
29/11/2023 14:00,3
29/11/2023 15:00,3
29/11/2023 16:00,3
29/11/2023 17:00,3
29/11/2023 18:00,3
29/11/2023 19:00,3
29/11/2023 20:00,3
29/11/2023 21:00,3
29/11/2023 22:00,3
29/11/2023 23:00,3
30/11/2023 00:00,1
30/11/2023 01:00,1
30/11/2023 02:00,1
30/11/2023 03:00,1
30/11/2023 04:00,1
30/11/2023 05:00,1
30/11/2023 06:00,1
30/11/2023 07:00,1
30/11/2023 08:00,1
30/11/2023 09:00,1
30/11/2023 10:00,1
30/11/2023 11:00,1
30/11/2023 12:00,1
30/11/2023 13:00,1
30/11/2023 14:00,1
30/11/2023 15:00,1
30/11/2023 16:00,1
30/11/2023 17:00,1
30/11/2023 18:00,1
30/11/2023 19:00,1
30/11/2023 20:00,1
30/11/2023 21:00,1
30/11/2023 22:00,1
30/11/2023 23:00,1
01/12/2023 00:00,1
01/12/2023 01:00,1
01/12/2023 02:00,1
01/12/2023 03:00,1
01/12/2023 04:00,1
01/12/2023 05:00,1
01/12/2023 06:00,1
01/12/2023 07:00,1
01/12/2023 08:00,1
01/12/2023 09:00,1
01/12/2023 10:00,1
01/12/2023 11:00,1
01/12/2023 12:00,1
01/12/2023 13:00,1
01/12/2023 14:00,1
01/12/2023 15:00,1
01/12/2023 16:00,1
01/12/2023 17:00,1
01/12/2023 18:00,1
01/12/2023 19:00,1
01/12/2023 20:00,1
01/12/2023 21:00,1
01/12/2023 22:00,1
01/12/2023 23:00,1
02/12/2023 00:00,1
02/12/2023 01:00,1
02/12/2023 02:00,1
02/12/2023 03:00,1
02/12/2023 04:00,1
02/12/2023 05:00,1
02/12/2023 06:00,1
02/12/2023 07:00,1
02/12/2023 08:00,1
02/12/2023 09:00,1
02/12/2023 10:00,1
02/12/2023 11:00,1
02/12/2023 12:00,1
02/12/2023 13:00,1
02/12/2023 14:00,1
02/12/2023 15:00,1
02/12/2023 16:00,1
02/12/2023 17:00,1
02/12/2023 18:00,1
02/12/2023 19:00,1
02/12/2023 20:00,1
02/12/2023 21:00,1
02/12/2023 22:00,1
02/12/2023 23:00,1
03/12/2023 00:00,1
03/12/2023 01:00,1
03/12/2023 02:00,1
03/12/2023 03:00,1
03/12/2023 04:00,1
03/12/2023 05:00,1
03/12/2023 06:00,1
03/12/2023 07:00,1
03/12/2023 08:00,1
03/12/2023 09:00,1
03/12/2023 10:00,1
03/12/2023 11:00,1
03/12/2023 12:00,1
03/12/2023 13:00,1
03/12/2023 14:00,1
03/12/2023 15:00,1
03/12/2023 16:00,1
03/12/2023 17:00,1
03/12/2023 18:00,1
03/12/2023 19:00,1
03/12/2023 20:00,1
03/12/2023 21:00,1
03/12/2023 22:00,1
03/12/2023 23:00,1
04/12/2023 00:00,1
04/12/2023 01:00,1
04/12/2023 02:00,1
04/12/2023 03:00,1
04/12/2023 04:00,1
04/12/2023 05:00,1
04/12/2023 06:00,1
04/12/2023 07:00,1
04/12/2023 08:00,1
04/12/2023 09:00,1
04/12/2023 10:00,1
04/12/2023 11:00,1
04/12/2023 12:00,1
04/12/2023 13:00,1
04/12/2023 14:00,1
04/12/2023 15:00,1
04/12/2023 16:00,1
04/12/2023 17:00,1
04/12/2023 18:00,1
04/12/2023 19:00,1
04/12/2023 20:00,1
04/12/2023 21:00,1
04/12/2023 22:00,1
04/12/2023 23:00,1
05/12/2023 00:00,10
05/12/2023 01:00,10
05/12/2023 02:00,10
05/12/2023 03:00,10
05/12/2023 04:00,10
05/12/2023 05:00,10
05/12/2023 06:00,10
05/12/2023 07:00,10
05/12/2023 08:00,10
05/12/2023 09:00,10
05/12/2023 10:00,10
05/12/2023 11:00,10
05/12/2023 12:00,10
05/12/2023 13:00,10
05/12/2023 14:00,10
05/12/2023 15:00,10
05/12/2023 16:00,10
05/12/2023 17:00,10
05/12/2023 18:00,10
05/12/2023 19:00,10
05/12/2023 20:00,10
05/12/2023 21:00,10
05/12/2023 22:00,10
05/12/2023 23:00,10
06/12/2023 00:00,10
06/12/2023 01:00,10
06/12/2023 02:00,10
06/12/2023 03:00,10
06/12/2023 04:00,10
06/12/2023 05:00,10
06/12/2023 06:00,10
06/12/2023 07:00,10
06/12/2023 08:00,10
06/12/2023 09:00,10
06/12/2023 10:00,10
06/12/2023 11:00,10
06/12/2023 12:00,10
06/12/2023 13:00,10
06/12/2023 14:00,10
06/12/2023 15:00,10
06/12/2023 16:00,10
06/12/2023 17:00,10
06/12/2023 18:00,10
06/12/2023 19:00,10
06/12/2023 20:00,10
06/12/2023 21:00,10
06/12/2023 22:00,10
06/12/2023 23:00,10
07/12/2023 00:00,10
07/12/2023 01:00,10
07/12/2023 02:00,10
07/12/2023 03:00,10
07/12/2023 04:00,10
07/12/2023 05:00,10
07/12/2023 06:00,10
07/12/2023 07:00,10
07/12/2023 08:00,10
07/12/2023 09:00,10
07/12/2023 10:00,10
07/12/2023 11:00,10
07/12/2023 12:00,10
07/12/2023 13:00,10
07/12/2023 14:00,10
07/12/2023 15:00,10
07/12/2023 16:00,10
07/12/2023 17:00,10
07/12/2023 18:00,10
07/12/2023 19:00,10
07/12/2023 20:00,10
07/12/2023 21:00,10
07/12/2023 22:00,10
07/12/2023 23:00,10
08/12/2023 00:00,10
08/12/2023 01:00,10
08/12/2023 02:00,10
08/12/2023 03:00,10
08/12/2023 04:00,10
08/12/2023 05:00,10
08/12/2023 06:00,10
08/12/2023 07:00,10
08/12/2023 08:00,10
08/12/2023 09:00,10
08/12/2023 10:00,10
08/12/2023 11:00,10
08/12/2023 12:00,10
08/12/2023 13:00,10
08/12/2023 14:00,10
08/12/2023 15:00,10
08/12/2023 16:00,10
08/12/2023 17:00,10
08/12/2023 18:00,10
08/12/2023 19:00,10
08/12/2023 20:00,10
08/12/2023 21:00,10
08/12/2023 22:00,10
08/12/2023 23:00,10
09/12/2023 00:00,10
09/12/2023 01:00,10
09/12/2023 02:00,10
09/12/2023 03:00,10
09/12/2023 04:00,10
09/12/2023 05:00,10
09/12/2023 06:00,10
09/12/2023 07:00,10
09/12/2023 08:00,10
09/12/2023 09:00,10
09/12/2023 10:00,10
09/12/2023 11:00,10
09/12/2023 12:00,10
09/12/2023 13:00,10
09/12/2023 14:00,10
09/12/2023 15:00,10
09/12/2023 16:00,10
09/12/2023 17:00,10
09/12/2023 18:00,10
09/12/2023 19:00,10
09/12/2023 20:00,10
09/12/2023 21:00,10
09/12/2023 22:00,10
09/12/2023 23:00,10
10/12/2023 00:00,10
10/12/2023 01:00,10
10/12/2023 02:00,10
10/12/2023 03:00,10
10/12/2023 04:00,10
10/12/2023 05:00,10
10/12/2023 06:00,10
10/12/2023 07:00,10
10/12/2023 08:00,10
10/12/2023 09:00,10
10/12/2023 10:00,10
10/12/2023 11:00,10
10/12/2023 12:00,10
10/12/2023 13:00,10
10/12/2023 14:00,10
10/12/2023 15:00,10
10/12/2023 16:00,10
10/12/2023 17:00,10
10/12/2023 18:00,10
10/12/2023 19:00,10
10/12/2023 20:00,10
10/12/2023 21:00,10
10/12/2023 22:00,10
10/12/2023 23:00,10
