Local Cod OC;Picking Center Desc;202201;202202;202203;202204;202205;202206;202207;202208;202209;202210;202211;202212;202213;202214;202215;202216;202217;202218;202219;202220;202221;202222;202223;202224;202225;202226;202227;202228;202229;202230;202231;202232;202233;202234;202235;202236;202237;202238;202239;202240;202241;202242;202243;202244;202245;202246;202247;202248;202249;202250;202251;202252;202301;202302;202303;202304;202305;202306;202307;202308;202309;202310;202311;202312;202313;202314;202315;202316;202317;202318;202319;202320;202321;202322;202323;202324;202325;202326;202327;202328;202329;202330;202331;202332;202333;202334;202335;202336;202337;202338;202339;202340;202341;202342;202343;202344;202345;202346;202347;202348;202349;202350;202351;202352;202401;202402;202403;202404;202405;202406;202407;202408;202409;202410;202411;202412;202413;202414;202415;202416;202417;202418;202419;Total
301;Tottus Buin; $15,844,923 ; $16,877,805 ; $15,281,038 ; $15,513,421 ; $17,309,864 ; $18,232,039 ; $18,918,263 ; $20,248,360 ; $24,905,041 ; $20,004,177 ; $18,325,699 ; $22,891,935 ; $24,274,266 ; $21,360,291 ; $18,974,111 ; $20,820,838 ; $20,011,575 ; $29,009,324 ; $23,165,868 ; $23,021,357 ; $25,529,461 ; $35,419,026 ; $22,642,758 ; $27,037,046 ; $25,135,280 ; $27,802,385 ; $26,145,055 ; $27,096,372 ; $25,882,445 ; $32,166,704 ; $32,483,055 ; $26,416,161 ; $29,455,629 ; $29,245,750 ; $35,096,041 ; $27,817,818 ; $29,338,645 ; $26,367,826 ; $28,090,832 ; $36,692,567 ; $23,504,906 ; $25,796,108 ; $28,138,708 ; $29,057,441 ; $25,467,623 ; $29,806,762 ; $28,925,842 ; $31,032,005 ; $27,072,359 ; $26,221,389 ; $32,556,410 ; $38,307,960 ; $30,373,627 ; $28,617,927 ; $27,060,765 ; $32,129,072 ; $32,828,462 ; $24,459,341 ; $29,971,396 ; $35,314,447 ; $36,458,708 ; $27,373,359 ; $28,326,999 ; $22,356,516 ; $33,355,684 ; $25,176,953 ; $22,881,493 ; $25,820,809 ; $37,389,677 ; $25,438,703 ; $23,446,026 ; $25,510,342 ; $25,675,596 ; $43,838,476 ; $26,865,379 ; $28,230,278 ; $27,964,981 ; $31,115,103 ; $28,615,282 ; $28,500,461 ; $31,696,168 ; $36,573,383 ; $36,275,132 ; $33,182,445 ; $36,484,542 ; $31,844,257 ; $42,065,745 ; $44,293,594 ; $40,572,399 ; $22,273,157 ; $32,763,094 ; $47,940,002 ; $31,533,106 ; $29,718,953 ; $32,765,625 ; $38,482,376 ; $31,618,831 ; $31,396,952 ; $37,045,048 ; $38,205,437 ; $37,179,389 ; $31,380,043 ; $47,516,118 ; $38,334,718 ; $31,072,243 ; $30,020,755 ; $30,396,748 ; $32,524,361 ; $36,795,823 ; $30,803,344 ; $31,519,120 ; $28,594,784 ; $37,066,274 ; $32,449,854 ; $33,160,854 ; $32,669,067 ; $43,275,047 ; $35,193,663 ; $31,199,437 ; $36,587,596 ; $35,614,474 ; $39,615,533 ; $10,057,289 ; $4,172,005,440 
104;Tottus Nataniel; $17,930,989 ; $19,310,088 ; $16,833,167 ; $16,606,387 ; $18,312,051 ; $18,561,855 ; $17,893,917 ; $17,126,211 ; $25,380,341 ; $22,772,276 ; $24,346,111 ; $26,051,694 ; $27,758,764 ; $29,070,630 ; $20,800,513 ; $22,854,460 ; $23,172,100 ; $34,941,291 ; $28,442,802 ; $27,916,875 ; $26,814,150 ; $48,968,770 ; $27,635,485 ; $34,081,936 ; $28,956,933 ; $30,628,014 ; $30,142,187 ; $33,524,687 ; $28,635,620 ; $37,003,280 ; $44,795,623 ; $33,657,581 ; $40,020,320 ; $43,376,194 ; $41,643,051 ; $38,831,100 ; $35,090,128 ; $28,311,343 ; $35,235,511 ; $52,320,312 ; $24,055,282 ; $29,291,725 ; $36,032,646 ; $34,341,509 ; $30,858,387 ; $30,383,366 ; $34,725,878 ; $37,531,046 ; $29,834,371 ; $29,870,986 ; $30,588,824 ; $34,560,592 ; $30,282,634 ; $25,113,283 ; $24,604,440 ; $30,443,920 ; $36,737,200 ; $29,363,351 ; $29,465,443 ; $31,218,840 ; $40,273,911 ; $31,253,931 ; $28,807,312 ; $20,687,436 ; $30,100,821 ; $24,179,042 ; $23,055,101 ; $26,704,275 ; $31,386,502 ; $27,348,411 ; $22,593,281 ; $19,329,537 ; $24,124,289 ; $48,942,890 ; $22,554,869 ; $26,073,313 ; $25,405,143 ; $34,080,923 ; $30,240,954 ; $24,787,172 ; $27,794,783 ; $35,545,200 ; $42,280,988 ; $31,412,425 ; $32,934,957 ; $35,194,199 ; $43,416,958 ; $48,251,235 ; $38,863,202 ; $20,560,940 ; $37,522,081 ; $49,867,808 ; $27,634,876 ; $28,246,268 ; $34,686,682 ; $44,382,467 ; $31,850,703 ; $26,592,229 ; $36,797,269 ; $43,247,262 ; $33,227,986 ; $29,974,296 ; $38,116,839 ; $36,519,343 ; $31,855,205 ; $27,729,430 ; $27,448,826 ; $32,245,764 ; $43,898,745 ; $35,124,039 ; $28,685,052 ; $24,412,869 ; $35,675,839 ; $40,048,956 ; $32,491,434 ; $29,202,427 ; $40,756,816 ; $45,126,294 ; $32,508,583 ; $34,733,242 ; $34,384,256 ; $50,056,905 ; $12,409,157 ; $4,166,202,019 
112;Tottus El Bosque; $16,677,823 ; $16,415,244 ; $11,912,371 ; $13,880,018 ; $15,441,308 ; $15,838,827 ; $15,994,753 ; $16,183,479 ; $22,339,874 ; $17,819,067 ; $18,279,597 ; $20,023,551 ; $27,143,796 ; $23,300,919 ; $22,961,666 ; $22,495,430 ; $22,279,601 ; $29,543,946 ; $25,654,189 ; $22,375,530 ; $21,940,064 ; $40,618,543 ; $20,542,440 ; $24,133,439 ; $20,273,274 ; $25,383,066 ; $20,082,402 ; $23,480,208 ; $19,720,341 ; $26,558,099 ; $26,669,775 ; $24,570,424 ; $26,061,770 ; $29,063,874 ; $29,049,819 ; $28,761,430 ; $26,245,894 ; $19,406,674 ; $23,459,849 ; $36,388,503 ; $18,447,209 ; $20,306,912 ; $24,194,924 ; $22,511,520 ; $20,973,231 ; $23,683,032 ; $22,896,904 ; $25,324,936 ; $21,923,830 ; $21,893,776 ; $24,673,472 ; $29,748,914 ; $18,942,996 ; $16,545,869 ; $16,780,604 ; $18,517,653 ; $25,402,089 ; $18,644,754 ; $20,586,707 ; $20,703,566 ; $26,396,849 ; $17,941,213 ; $20,880,758 ; $11,450,531 ; $21,520,307 ; $18,381,396 ; $15,460,819 ; $16,756,330 ; $19,055,887 ; $13,238,460 ; $14,623,313 ; $10,434,062 ; $13,682,518 ; $31,048,711 ; $15,626,742 ; $16,047,445 ; $14,719,846 ; $21,963,848 ; $19,001,894 ; $16,610,517 ; $19,126,729 ; $22,995,267 ; $23,544,973 ; $20,906,677 ; $23,755,867 ; $20,953,250 ; $29,893,250 ; $34,352,292 ; $25,428,532 ; $13,239,714 ; $18,808,759 ; $35,280,022 ; $16,200,095 ; $17,304,945 ; $18,845,730 ; $29,856,877 ; $17,618,299 ; $17,965,471 ; $22,608,414 ; $25,762,012 ; $21,662,367 ; $16,185,486 ; $29,279,017 ; $23,044,998 ; $18,496,731 ; $16,124,910 ; $19,259,130 ; $18,394,091 ; $20,709,844 ; $18,494,458 ; $18,153,312 ; $15,405,228 ; $23,312,207 ; $18,289,779 ; $21,937,045 ; $18,668,315 ; $27,918,429 ; $24,703,837 ; $18,701,667 ; $21,946,317 ; $22,912,058 ; $28,662,806 ; $8,351,277 ; $3,222,206,595 
121;Tottus Plaza Egaña; $18,181,364 ; $19,167,669 ; $19,159,922 ; $17,479,321 ; $18,123,411 ; $18,421,824 ; $17,119,764 ; $19,753,444 ; $23,923,916 ; $19,902,426 ; $20,936,606 ; $21,618,789 ; $25,887,976 ; $30,006,010 ; $21,121,546 ; $21,821,973 ; $19,314,245 ; $27,580,606 ; $21,800,959 ; $21,227,359 ; $24,903,567 ; $34,991,118 ; $18,880,369 ; $26,827,992 ; $22,184,982 ; $24,943,023 ; $24,863,775 ; $24,957,805 ; $25,444,798 ; $30,747,570 ; $29,592,312 ; $25,481,542 ; $28,215,349 ; $31,254,540 ; $31,682,853 ; $32,979,562 ; $26,160,517 ; $21,680,551 ; $25,376,527 ; $32,806,369 ; $21,617,508 ; $22,790,635 ; $24,573,797 ; $25,078,414 ; $23,116,848 ; $24,509,880 ; $24,383,878 ; $25,857,857 ; $20,510,875 ; $25,170,175 ; $22,502,280 ; $24,988,520 ; $18,319,326 ; $18,364,658 ; $18,720,056 ; $17,860,289 ; $20,569,359 ; $17,007,435 ; $18,802,627 ; $21,943,653 ; $26,449,732 ; $19,196,766 ; $18,626,465 ; $12,106,780 ; $20,308,156 ; $15,259,735 ; $15,518,290 ; $20,248,043 ; $18,634,582 ; $14,535,929 ; $16,935,372 ; $14,524,995 ; $12,899,154 ; $30,861,337 ; $17,817,289 ; $19,243,816 ; $20,039,104 ; $19,017,820 ; $19,747,946 ; $18,888,893 ; $20,814,062 ; $23,262,447 ; $28,318,350 ; $27,965,753 ; $25,729,373 ; $24,733,027 ; $29,769,717 ; $39,400,943 ; $28,055,307 ; $13,386,769 ; $24,653,342 ; $34,365,067 ; $19,185,842 ; $21,576,798 ; $23,500,767 ; $27,876,561 ; $21,154,269 ; $19,705,980 ; $30,724,284 ; $28,115,124 ; $4,710,826 ; $156,941 ;;;;;;;;;;;;;;;;;;; $- ; $25,233,127 ; $8,637,455 ; $3,171,643,983 
126;Tottus Vivaceta; $15,879,745 ; $14,865,855 ; $11,741,201 ; $13,963,602 ; $12,928,480 ; $16,124,583 ; $16,972,309 ; $17,992,465 ; $22,013,100 ; $20,778,592 ; $18,895,574 ; $21,377,592 ; $28,557,803 ; $26,891,831 ; $23,475,073 ; $22,126,621 ; $23,902,894 ; $35,684,399 ; $27,840,270 ; $20,820,660 ; $21,361,377 ; $40,653,881 ; $20,827,892 ; $19,577,405 ; $17,036,360 ; $23,176,475 ; $18,892,253 ; $21,983,782 ; $18,586,239 ; $23,865,786 ; $24,710,054 ; $19,264,876 ; $22,219,226 ; $22,861,918 ; $26,380,793 ; $22,401,672 ; $21,085,293 ; $14,682,874 ; $19,811,640 ; $31,701,768 ; $15,100,114 ; $16,247,480 ; $21,380,829 ; $19,602,308 ; $16,854,258 ; $18,579,931 ; $21,322,352 ; $21,351,937 ; $16,804,845 ; $18,013,484 ; $21,596,475 ; $25,330,177 ; $15,732,014 ; $16,899,545 ; $18,462,954 ; $19,554,096 ; $20,823,605 ; $16,109,127 ; $18,827,649 ; $20,495,722 ; $23,426,148 ; $17,781,199 ; $18,063,220 ; $10,761,123 ; $18,829,294 ; $12,209,361 ; $13,749,933 ; $15,645,044 ; $18,913,940 ; $13,049,942 ; $11,905,717 ; $11,872,934 ; $11,894,541 ; $28,585,259 ; $14,096,376 ; $15,876,961 ; $16,374,219 ; $18,663,365 ; $18,320,420 ; $15,848,200 ; $19,322,013 ; $22,474,214 ; $25,302,557 ; $20,174,216 ; $22,188,090 ; $22,819,797 ; $29,408,623 ; $27,753,971 ; $24,495,608 ; $11,032,708 ; $21,622,454 ; $31,497,581 ; $15,835,585 ; $18,005,650 ; $23,305,042 ; $26,308,119 ; $19,189,625 ; $17,151,417 ; $22,862,565 ; $24,733,614 ; $18,558,931 ; $20,292,679 ; $25,670,064 ; $23,617,216 ; $17,105,810 ; $17,613,369 ; $20,865,417 ; $20,815,001 ; $25,540,700 ; $20,437,604 ; $18,399,905 ; $14,689,774 ; $22,917,567 ; $19,442,406 ; $19,859,142 ; $21,031,730 ; $25,622,256 ; $25,009,811 ; $19,781,618 ; $20,594,062 ; $21,499,393 ; $26,837,174 ; $6,406,937 ; $3,042,044,505 
123;Tottus Los Dominicos; $14,579,799 ; $14,818,059 ; $12,314,283 ; $12,490,327 ; $12,392,727 ; $12,280,512 ; $14,060,240 ; $14,303,828 ; $20,178,472 ; $15,029,514 ; $16,839,588 ; $17,473,371 ; $21,763,230 ; $20,377,031 ; $15,795,474 ; $16,360,318 ; $18,892,595 ; $20,213,724 ; $17,880,769 ; $18,433,090 ; $19,064,359 ; $24,753,566 ; $16,149,202 ; $18,245,367 ; $15,732,490 ; $18,333,806 ; $14,421,228 ; $14,726,703 ; $13,485,547 ; $18,847,920 ; $19,289,777 ; $16,856,431 ; $16,722,242 ; $19,668,044 ; $19,432,305 ; $19,014,418 ; $16,279,827 ; $16,297,785 ; $16,532,323 ; $19,852,794 ; $12,195,925 ; $17,052,733 ; $16,169,654 ; $14,607,861 ; $14,338,083 ; $16,148,645 ; $18,048,022 ; $19,680,658 ; $14,156,988 ; $15,475,698 ; $14,058,775 ; $15,200,560 ; $12,680,690 ; $13,440,822 ; $10,954,482 ; $11,752,416 ; $11,637,066 ; $10,381,433 ; $12,887,559 ; $15,654,398 ; $20,064,098 ; $14,905,646 ; $15,294,987 ; $9,156,973 ; $16,163,384 ; $11,620,120 ; $12,758,865 ; $18,258,315 ; $16,417,798 ; $11,198,632 ; $13,518,502 ; $11,310,227 ; $12,791,779 ; $23,267,244 ; $12,963,171 ; $14,646,801 ; $14,585,354 ; $14,108,860 ; $12,325,891 ; $12,433,586 ; $16,696,645 ; $17,839,073 ; $21,023,261 ; $16,010,844 ; $18,081,304 ; $18,623,761 ; $20,037,569 ; $23,845,632 ; $19,209,458 ; $11,722,038 ; $18,451,092 ; $23,767,559 ; $14,195,421 ; $17,145,244 ; $17,567,903 ; $22,529,127 ; $16,520,934 ; $15,593,957 ; $21,563,395 ; $21,577,009 ; $24,931,713 ; $27,604,990 ; $37,059,422 ; $27,449,749 ; $24,962,224 ; $24,943,625 ; $27,496,261 ; $24,661,358 ; $26,050,545 ; $21,584,392 ; $24,575,297 ; $22,383,305 ; $27,495,096 ; $28,810,333 ; $28,987,140 ; $27,039,491 ; $34,944,369 ; $34,833,145 ; $26,204,158 ; $32,670,349 ; $31,184,718 ; $22,162,944 ; $7,321,284 ; $3,020,472,085 
133;Tottus Factoría; $11,387,685 ; $14,338,126 ; $12,895,386 ; $12,953,892 ; $10,795,407 ; $11,143,743 ; $13,519,444 ; $12,152,789 ; $15,004,931 ; $14,661,513 ; $15,780,408 ; $16,937,253 ; $19,118,376 ; $17,849,314 ; $16,548,775 ; $17,698,833 ; $15,932,296 ; $21,453,016 ; $18,600,331 ; $16,742,798 ; $17,354,210 ; $25,854,355 ; $15,859,283 ; $18,469,970 ; $16,587,423 ; $20,314,396 ; $17,119,307 ; $19,593,162 ; $18,058,639 ; $22,635,034 ; $19,415,269 ; $18,286,064 ; $19,448,220 ; $21,844,454 ; $23,344,513 ; $20,656,233 ; $20,185,858 ; $16,446,889 ; $19,673,630 ; $24,996,148 ; $14,537,668 ; $16,733,534 ; $20,171,947 ; $19,006,673 ; $18,812,351 ; $17,257,949 ; $20,107,119 ; $20,919,819 ; $17,447,890 ; $18,342,922 ; $16,520,659 ; $19,725,443 ; $15,896,347 ; $15,117,190 ; $15,127,856 ; $15,513,123 ; $16,647,646 ; $14,953,267 ; $15,183,502 ; $19,640,746 ; $25,255,329 ; $16,941,896 ; $20,488,747 ; $11,674,935 ; $19,866,618 ; $15,313,926 ; $13,765,198 ; $19,949,212 ; $19,004,206 ; $15,062,769 ; $15,379,350 ; $12,552,387 ; $14,998,078 ; $22,445,365 ; $12,931,978 ; $16,149,460 ; $16,166,440 ; $15,478,188 ; $14,951,202 ; $15,866,620 ; $17,185,170 ; $21,360,589 ; $23,577,106 ; $20,764,939 ; $21,136,310 ; $19,221,597 ; $23,446,281 ; $27,218,477 ; $21,566,418 ; $13,065,763 ; $18,684,699 ; $26,947,587 ; $16,734,997 ; $17,443,745 ; $16,998,939 ; $22,821,871 ; $18,451,777 ; $16,734,692 ; $22,972,226 ; $24,901,642 ; $19,241,933 ; $19,112,331 ; $22,859,474 ; $18,866,462 ; $17,034,190 ; $17,321,866 ; $18,528,412 ; $18,853,311 ; $20,294,769 ; $18,178,007 ; $16,699,088 ; $15,920,175 ; $18,888,450 ; $21,141,567 ; $18,575,660 ; $19,555,745 ; $23,012,882 ; $26,454,313 ; $19,851,361 ; $35,681,574 ; $35,464,502 ; $41,238,883 ; $14,067,889 ; $2,968,733,918 
118;Tottus Vicuña Mackenna; $14,229,080 ; $12,938,019 ; $11,771,820 ; $12,544,878 ; $14,064,569 ; $14,046,797 ; $14,395,372 ; $14,724,014 ; $19,823,740 ; $17,003,343 ; $19,259,433 ; $16,356,362 ; $23,675,953 ; $25,073,224 ; $18,154,332 ; $17,749,128 ; $19,155,847 ; $22,192,376 ; $20,798,930 ; $17,046,950 ; $17,122,994 ; $29,476,295 ; $16,528,500 ; $18,714,120 ; $16,352,480 ; $21,945,738 ; $17,521,727 ; $18,970,476 ; $15,529,865 ; $19,469,975 ; $22,542,510 ; $16,589,350 ; $19,882,565 ; $22,576,183 ; $23,188,093 ; $20,194,220 ; $18,795,396 ; $16,040,981 ; $17,387,620 ; $25,512,387 ; $13,848,530 ; $16,368,683 ; $16,531,784 ; $18,635,617 ; $15,477,661 ; $17,709,495 ; $18,492,657 ; $20,455,086 ; $17,322,447 ; $18,371,663 ; $17,304,378 ; $21,481,324 ; $16,020,378 ; $15,911,695 ; $13,458,757 ; $18,024,207 ; $17,590,074 ; $14,519,442 ; $14,586,194 ; $15,233,089 ; $23,059,591 ; $14,406,826 ; $14,430,587 ; $8,991,917 ; $15,816,463 ; $16,259,238 ; $12,202,521 ; $14,412,292 ; $16,462,096 ; $16,503,905 ; $13,276,934 ; $9,799,495 ; $11,417,539 ; $26,384,185 ; $13,971,375 ; $13,674,602 ; $13,735,070 ; $15,990,571 ; $16,637,180 ; $13,408,149 ; $14,799,078 ; $20,045,612 ; $22,140,361 ; $18,361,817 ; $18,502,315 ; $19,249,775 ; $24,172,226 ; $27,777,480 ; $17,903,350 ; $11,522,978 ; $18,645,949 ; $29,233,648 ; $16,543,601 ; $15,175,861 ; $20,324,087 ; $24,108,710 ; $18,338,177 ; $14,532,527 ; $18,727,927 ; $24,097,090 ; $18,485,458 ; $17,024,439 ; $17,367,953 ; $16,994,654 ; $16,803,809 ; $15,303,967 ; $17,095,906 ; $18,310,122 ; $19,779,722 ; $16,726,764 ; $14,928,905 ; $11,910,022 ; $18,524,021 ; $18,207,782 ; $15,595,430 ; $15,402,228 ; $19,124,528 ; $20,346,529 ; $16,146,383 ;;;;; $2,965,128,117 
108;Tottus La Florida; $17,173,090 ; $13,891,653 ; $9,345,490 ; $12,095,531 ; $12,678,456 ; $12,578,052 ; $14,620,420 ; $14,940,466 ; $15,733,185 ; $15,567,156 ; $12,816,533 ; $15,995,707 ; $21,788,869 ; $18,901,977 ; $16,058,471 ; $15,019,226 ; $15,228,249 ; $20,960,955 ; $16,622,789 ; $17,634,319 ; $17,243,206 ; $26,875,322 ; $14,609,179 ; $18,730,960 ; $15,464,835 ; $19,531,165 ; $15,608,445 ; $18,979,431 ; $14,962,266 ; $22,253,779 ; $21,618,170 ; $18,141,760 ; $20,464,041 ; $19,605,891 ; $22,348,573 ; $22,164,625 ; $19,128,571 ; $15,680,865 ; $16,548,866 ; $26,135,951 ; $12,680,027 ; $15,550,787 ; $17,942,998 ; $15,695,800 ; $16,556,301 ; $17,257,538 ; $18,283,389 ; $18,242,127 ; $16,181,545 ; $16,654,729 ; $16,288,401 ; $22,192,960 ; $15,446,270 ; $15,173,989 ; $13,186,461 ; $16,959,166 ; $17,836,260 ; $13,016,428 ; $14,730,804 ; $17,331,298 ; $21,864,440 ; $16,578,978 ; $16,807,975 ; $9,193,715 ; $15,575,204 ; $12,238,656 ; $12,038,427 ; $14,875,373 ; $19,572,391 ; $14,351,536 ; $17,501,347 ; $11,705,296 ; $16,029,520 ; $32,153,300 ; $15,703,894 ; $15,925,298 ; $18,350,621 ; $18,741,548 ; $18,788,919 ; $16,175,095 ; $22,232,197 ; $25,633,246 ; $24,948,635 ; $23,537,600 ; $24,114,896 ; $27,016,641 ; $30,828,304 ; $33,639,517 ; $26,664,012 ; $14,002,536 ; $23,520,592 ; $31,943,805 ; $18,838,592 ; $19,780,969 ; $21,992,979 ; $26,438,274 ; $17,683,948 ; $20,577,910 ; $24,011,395 ; $22,131,583 ; $20,977,077 ; $17,508,142 ; $30,393,946 ; $20,018,778 ; $16,013,899 ; $18,628,623 ; $18,564,160 ; $19,447,429 ; $24,969,359 ; $18,820,921 ; $18,801,287 ; $14,991,888 ; $20,713,496 ; $18,565,969 ; $20,869,457 ; $19,076,104 ; $25,481,334 ; $26,899,949 ; $17,396,962 ; $22,955,248 ; $22,164,061 ; $29,484,197 ; $7,595,166 ; $2,942,806,006 
134;Tottus Quilín; $15,205,139 ; $14,779,199 ; $12,278,371 ; $13,644,549 ; $15,967,019 ; $15,618,456 ; $13,912,002 ; $16,398,151 ; $22,596,367 ; $20,292,163 ; $17,723,506 ; $17,265,694 ; $24,451,181 ; $22,811,277 ; $16,223,705 ; $16,422,952 ; $15,015,006 ; $21,494,827 ; $16,777,766 ; $16,986,792 ; $18,644,227 ; $28,068,452 ; $14,395,705 ; $18,943,989 ; $16,906,168 ; $23,283,655 ; $17,838,540 ; $18,771,118 ; $16,060,833 ; $23,413,382 ; $23,853,995 ; $19,093,717 ; $20,587,269 ; $22,838,599 ; $22,318,261 ; $22,591,997 ; $19,880,474 ; $15,367,148 ; $18,514,266 ; $26,417,583 ; $14,078,993 ; $15,827,056 ; $18,210,252 ; $17,813,802 ; $18,245,479 ; $18,972,912 ; $19,171,517 ; $19,486,336 ; $17,764,583 ; $18,107,969 ; $20,128,133 ; $20,564,418 ; $14,645,605 ; $24,923,727 ; $14,789,057 ; $16,074,192 ; $16,819,866 ; $15,214,366 ; $14,080,201 ; $20,006,475 ; $22,036,287 ; $15,492,403 ; $15,421,583 ; $9,982,776 ; $18,125,339 ; $13,075,756 ; $14,204,022 ; $14,344,726 ; $12,534,366 ; $8,034,939 ; $11,255,578 ; $7,357,448 ; $6,890,923 ; $19,610,074 ; $7,753,036 ; $10,541,715 ; $10,013,372 ; $9,834,039 ; $10,728,111 ; $9,235,568 ; $11,270,805 ; $16,407,823 ; $15,843,440 ; $12,496,631 ; $14,058,966 ; $15,242,076 ; $19,927,466 ; $19,495,463 ; $16,223,019 ; $7,956,669 ; $14,029,706 ; $21,237,749 ; $13,463,887 ; $13,949,198 ; $15,640,970 ; $15,989,139 ; $12,435,195 ; $10,778,947 ; $18,005,444 ; $17,549,888 ; $23,469,136 ; $24,393,792 ; $33,292,703 ; $25,765,783 ; $23,777,668 ; $23,232,453 ; $20,774,666 ; $24,979,786 ; $24,429,997 ; $22,541,045 ; $23,865,625 ; $20,384,597 ; $25,255,057 ; $24,754,577 ; $26,121,239 ; $23,492,728 ; $33,086,501 ; $29,109,011 ; $24,124,501 ; $29,480,079 ; $28,342,211 ; $17,243,005 ; $4,787,122 ; $2,901,852,670 
117;Tottus Plaza Tobalaba; $21,376,540 ; $26,083,424 ; $12,715,038 ; $14,644,845 ; $13,587,097 ; $22,247,799 ; $17,166,382 ; $19,798,266 ; $20,702,687 ; $21,199,020 ; $20,663,659 ; $24,659,713 ; $42,182,051 ; $24,395,278 ; $22,959,456 ; $21,842,244 ; $23,124,452 ; $28,798,342 ; $30,497,345 ; $21,583,078 ; $23,734,184 ; $38,378,068 ; $19,910,730 ; $26,021,459 ; $23,165,876 ; $27,560,029 ; $19,432,859 ; $23,679,766 ; $17,896,165 ; $21,035,245 ; $19,340,452 ; $14,693,756 ; $16,553,170 ; $19,378,497 ; $21,715,690 ; $18,319,909 ; $19,889,178 ; $12,325,369 ; $15,188,944 ; $24,355,545 ; $12,359,869 ; $15,273,504 ; $18,987,124 ; $14,772,985 ; $13,713,355 ; $16,205,342 ; $17,019,709 ; $15,747,211 ; $13,749,744 ; $14,231,434 ; $16,034,862 ; $20,064,779 ; $11,819,320 ; $13,970,684 ; $14,510,425 ; $15,354,316 ; $17,574,992 ; $11,847,641 ; $16,380,991 ; $19,219,743 ; $20,556,088 ; $13,958,007 ; $15,789,380 ; $7,666,017 ; $14,847,065 ; $11,487,731 ; $11,950,845 ; $12,854,699 ; $14,655,776 ; $8,135,392 ; $13,325,409 ; $8,072,133 ; $10,021,216 ; $23,199,014 ; $10,967,120 ; $14,282,005 ; $13,063,323 ; $13,500,487 ; $12,531,717 ; $11,352,821 ; $14,734,980 ; $18,885,803 ; $18,402,233 ; $17,938,470 ; $18,996,734 ; $18,928,557 ; $23,879,688 ; $26,811,798 ; $20,309,484 ; $10,779,602 ; $17,140,027 ; $26,628,515 ; $13,578,552 ; $13,352,149 ; $16,961,274 ; $20,023,519 ; $13,867,009 ; $14,404,799 ; $18,799,254 ; $19,775,677 ; $14,920,240 ; $14,696,070 ; $26,109,869 ; $20,184,523 ; $12,169,421 ; $14,087,094 ; $15,560,446 ; $16,241,535 ; $18,674,423 ; $15,268,586 ; $16,073,170 ; $11,841,452 ; $17,061,273 ; $15,437,495 ; $15,539,153 ; $17,120,260 ; $18,337,296 ; $20,317,855 ; $15,797,361 ; $19,920,876 ; $15,639,614 ; $21,722,439 ; $4,950,971 ; $2,841,812,234 
131;Tottus Piedra Roja; $12,964,984 ; $11,934,139 ; $10,424,330 ; $12,231,151 ; $10,876,649 ; $12,928,219 ; $12,569,802 ; $14,048,977 ; $20,130,865 ; $17,079,051 ; $16,459,502 ; $17,086,205 ; $18,313,256 ; $17,148,055 ; $15,418,999 ; $14,751,036 ; $14,068,223 ; $19,280,413 ; $16,831,497 ; $15,828,220 ; $16,227,302 ; $22,876,472 ; $16,142,472 ; $18,054,227 ; $16,223,483 ; $18,011,088 ; $16,983,976 ; $14,502,884 ; $16,110,136 ; $21,698,986 ; $19,330,136 ; $17,526,166 ; $18,511,029 ; $18,840,694 ; $19,754,975 ; $20,490,936 ; $18,583,183 ; $14,459,182 ; $19,796,168 ; $21,329,576 ; $18,727,046 ; $18,257,517 ; $20,921,664 ; $17,003,008 ; $18,074,072 ; $18,656,984 ; $19,408,775 ; $18,864,940 ; $18,270,568 ; $19,104,088 ; $21,415,902 ; $17,505,119 ; $14,772,352 ; $13,618,241 ; $13,689,784 ; $14,792,601 ; $14,905,690 ; $11,644,316 ; $16,323,230 ; $17,213,338 ; $21,967,633 ; $19,398,727 ; $16,871,129 ; $12,187,051 ; $15,611,736 ; $12,073,543 ; $13,728,477 ; $14,038,743 ; $14,640,147 ; $10,221,652 ; $13,340,973 ; $9,733,427 ; $11,741,995 ; $16,093,914 ; $12,617,570 ; $12,864,112 ; $11,868,653 ; $12,326,579 ; $10,034,949 ; $9,978,264 ; $14,725,636 ; $14,669,819 ; $18,948,460 ; $14,106,275 ; $18,483,353 ; $16,745,624 ; $17,480,844 ; $19,288,569 ; $17,717,566 ; $9,635,714 ; $15,347,622 ; $21,164,678 ; $14,689,025 ; $15,242,186 ; $14,427,086 ; $18,613,563 ; $14,762,660 ; $18,079,517 ; $18,933,987 ; $21,925,757 ; $19,044,603 ; $19,332,763 ; $23,834,636 ; $14,395,634 ; $12,704,694 ; $13,667,063 ; $15,038,872 ; $13,993,660 ; $14,439,497 ; $13,770,041 ; $14,891,372 ; $14,190,897 ; $16,667,918 ; $18,908,150 ; $17,288,820 ; $16,510,676 ; $18,563,067 ; $20,297,224 ; $18,428,349 ; $22,950,318 ; $18,872,388 ; $21,638,862 ; $6,766,486 ; $2,750,224,996 
111;Tottus Alameda; $11,681,442 ; $14,931,657 ; $15,321,959 ; $11,450,175 ; $11,300,540 ; $11,407,318 ; $13,131,608 ; $12,477,604 ; $17,041,842 ; $15,385,442 ; $17,274,277 ; $17,174,264 ; $19,348,529 ; $18,668,750 ; $15,902,197 ; $14,525,438 ; $16,121,214 ; $21,628,262 ; $19,306,008 ; $15,688,405 ; $17,274,734 ; $29,415,108 ; $23,810,875 ; $24,658,241 ; $17,041,995 ; $20,069,540 ; $15,219,930 ; $19,122,400 ; $15,145,060 ; $17,785,507 ; $19,462,986 ; $16,794,279 ; $18,858,549 ; $19,208,449 ; $22,143,368 ; $23,153,017 ; $19,432,641 ; $13,527,450 ; $17,074,275 ; $22,624,245 ; $9,474,307 ; $14,004,855 ; $13,989,878 ; $13,296,095 ; $12,744,550 ; $10,784,265 ; $12,469,135 ; $14,029,979 ; $11,607,082 ; $11,754,033 ; $12,126,905 ; $16,024,010 ; $10,563,166 ; $11,232,766 ; $12,940,700 ; $13,515,716 ; $15,629,148 ; $12,051,598 ; $15,205,649 ; $12,435,393 ; $15,023,225 ; $11,545,981 ; $10,633,159 ; $8,520,878 ; $13,590,095 ; $10,220,924 ; $9,178,200 ; $11,340,667 ; $16,787,015 ; $9,975,625 ; $14,188,186 ; $9,774,503 ; $10,759,727 ; $23,499,631 ; $11,166,310 ; $14,809,341 ; $14,782,056 ; $14,087,701 ; $14,901,497 ; $12,292,405 ; $16,481,296 ; $21,695,642 ; $19,899,181 ; $17,988,628 ; $17,947,466 ; $19,811,281 ; $25,226,154 ; $26,540,106 ; $20,989,503 ; $10,346,084 ; $16,834,212 ; $26,129,072 ; $13,969,735 ; $15,723,677 ; $17,605,976 ; $24,250,866 ; $17,474,059 ; $14,923,252 ; $19,743,275 ; $22,206,129 ; $16,380,691 ; $14,977,544 ; $24,942,345 ; $19,978,387 ; $13,698,815 ; $13,518,191 ; $16,861,724 ; $15,928,506 ; $21,724,821 ; $15,444,711 ; $14,341,225 ; $12,914,332 ; $18,461,114 ; $15,925,959 ; $14,835,898 ; $16,386,922 ; $21,211,413 ; $22,079,116 ; $18,271,799 ; $16,890,660 ; $17,252,621 ; $24,784,687 ; $5,824,486 ; $2,530,646,933 
203;Tottus Peñaflor; $10,326,436 ; $11,345,613 ; $11,147,951 ; $11,771,237 ; $11,711,325 ; $12,473,855 ; $14,435,401 ; $15,712,242 ; $17,537,023 ; $14,046,199 ; $15,024,701 ; $15,227,355 ; $22,896,910 ; $15,745,894 ; $14,833,880 ; $12,405,257 ; $12,198,962 ; $18,909,368 ; $13,829,342 ; $14,542,419 ; $15,543,311 ; $25,586,780 ; $14,647,028 ; $18,101,672 ; $16,128,170 ; $18,993,284 ; $17,552,581 ; $19,882,552 ; $18,753,795 ; $22,645,250 ; $25,233,157 ; $17,191,289 ; $20,524,263 ; $21,673,147 ; $27,313,928 ; $21,425,118 ; $20,048,719 ; $17,585,668 ; $18,290,691 ; $23,727,972 ; $14,661,959 ; $16,363,461 ; $20,722,802 ; $18,086,786 ; $17,143,780 ; $19,262,195 ; $17,228,312 ; $19,852,568 ; $16,223,996 ; $18,501,701 ; $16,848,944 ; $22,397,389 ; $15,036,750 ; $13,026,463 ; $15,462,311 ; $15,680,895 ; $18,049,178 ; $14,073,942 ; $16,226,818 ; $19,233,960 ; $20,942,517 ; $13,269,668 ; $15,105,366 ; $10,440,509 ; $15,357,849 ; $12,279,991 ; $9,901,055 ; $12,198,611 ; $16,255,384 ; $11,467,575 ; $11,311,468 ; $10,633,655 ; $8,223,974 ; $24,944,479 ; $11,021,386 ; $13,871,650 ; $14,052,215 ; $13,903,190 ; $13,010,850 ; $13,244,187 ; $14,578,673 ; $17,373,263 ; $19,272,689 ; $14,543,017 ; $16,903,271 ; $17,051,069 ; $21,806,199 ; $20,612,176 ; $19,492,261 ; $9,341,665 ; $15,485,794 ; $22,946,817 ; $12,609,852 ; $13,261,628 ; $14,348,741 ; $16,558,728 ; $13,090,785 ; $13,125,914 ; $16,175,719 ; $19,117,196 ; $14,706,248 ; $15,145,293 ; $22,378,529 ; $21,514,421 ; $11,937,671 ; $13,319,450 ; $13,995,257 ; $15,436,261 ; $18,737,396 ; $15,183,909 ; $15,240,756 ; $12,352,400 ; $16,416,102 ; $15,244,600 ; $15,635,619 ; $15,250,530 ; $21,531,222 ; $16,710,958 ; $13,555,417 ; $16,049,830 ; $15,762,909 ; $18,941,832 ; $4,492,127 ; $2,347,046,686 
130;Tottus Vitacura Alderete; $10,429,646 ; $9,343,386 ; $8,755,750 ; $10,046,449 ; $8,349,727 ; $8,597,397 ; $9,855,538 ; $11,084,720 ; $14,464,741 ; $12,692,929 ; $14,145,508 ; $13,719,881 ; $15,351,747 ; $14,565,795 ; $11,279,499 ; $15,060,487 ; $13,087,423 ; $21,159,703 ; $14,947,779 ; $14,372,856 ; $14,957,424 ; $18,472,709 ; $7,474,994 ; $8,174,515 ; $6,709,622 ; $8,192,278 ; $7,309,084 ; $6,644,144 ; $7,446,164 ; $9,169,750 ; $10,259,338 ; $8,988,382 ; $8,637,020 ; $10,849,301 ; $10,234,582 ; $8,909,073 ; $8,642,716 ; $7,191,219 ; $8,304,835 ; $8,758,610 ; $7,616,535 ; $9,099,261 ; $8,570,658 ; $7,396,656 ; $9,107,745 ; $8,869,077 ; $9,640,666 ; $9,064,140 ; $8,738,389 ; $8,517,191 ; $9,860,842 ; $7,693,006 ; $5,835,662 ; $6,260,174 ; $6,459,816 ; $6,815,976 ; $6,082,156 ; $3,929,561 ; $6,008,766 ; $7,382,745 ; $9,111,961 ; $8,319,362 ; $8,582,679 ; $5,703,585 ; $8,342,553 ; $6,147,380 ; $7,511,785 ; $13,166,080 ; $13,716,963 ; $12,788,784 ; $13,992,252 ; $11,473,524 ; $12,678,827 ; $20,258,944 ; $12,920,117 ; $15,420,657 ; $12,833,198 ; $13,430,392 ; $13,012,374 ; $12,883,916 ; $16,462,926 ; $17,426,621 ; $20,093,223 ; $18,940,215 ; $18,956,498 ; $19,640,470 ; $22,677,593 ; $23,605,737 ; $19,160,846 ; $14,146,891 ; $17,096,295 ; $25,619,480 ; $16,914,942 ; $19,388,161 ; $15,615,917 ; $20,235,566 ; $16,233,070 ; $17,253,013 ; $22,600,042 ; $21,404,706 ; $18,217,418 ; $22,567,383 ; $24,897,597 ; $17,151,746 ; $17,502,136 ; $17,693,439 ; $17,977,135 ; $19,112,014 ; $18,457,976 ; $15,192,947 ; $16,051,940 ; $15,821,684 ; $19,629,881 ; $21,227,703 ; $22,434,777 ; $18,852,303 ; $26,429,260 ; $25,651,599 ; $21,343,315 ; $25,151,256 ; $21,468,412 ; $25,793,173 ; $8,162,808 ; $2,323,409,123 
120;Tottus Vitacura I; $9,748,117 ; $10,247,821 ; $11,275,768 ; $9,447,473 ; $9,395,187 ; $9,739,941 ; $10,290,806 ; $9,955,765 ; $17,404,515 ; $15,841,869 ; $17,264,955 ; $13,309,825 ; $17,572,336 ; $16,767,354 ; $13,440,393 ; $15,623,476 ; $12,958,722 ; $18,684,296 ; $16,073,519 ; $15,448,158 ; $15,455,113 ; $22,315,028 ; $11,266,914 ; $11,533,155 ; $8,521,843 ; $12,031,212 ; $12,228,508 ; $10,179,805 ; $11,838,269 ; $14,933,073 ; $14,075,728 ; $11,740,773 ; $13,291,013 ; $12,743,985 ; $14,476,224 ; $12,017,749 ; $12,592,898 ; $9,664,509 ; $11,107,917 ; $14,943,315 ; $9,106,579 ; $10,294,385 ; $10,824,118 ; $10,198,520 ; $10,475,074 ; $12,963,190 ; $13,138,538 ; $12,213,298 ; $10,492,473 ; $13,532,351 ; $10,775,833 ; $11,199,853 ; $9,496,833 ; $7,577,643 ; $8,508,874 ; $8,424,522 ; $8,449,697 ; $8,114,197 ; $9,854,911 ; $9,858,551 ; $12,556,081 ; $11,619,643 ; $11,997,776 ; $7,462,655 ; $11,940,081 ; $7,848,303 ; $9,447,084 ; $12,412,088 ; $12,729,121 ; $11,519,410 ; $12,231,972 ; $9,429,948 ; $9,928,369 ; $19,603,279 ; $11,327,586 ; $13,354,892 ; $11,042,505 ; $10,449,455 ; $11,565,430 ; $9,734,914 ; $12,914,992 ; $14,788,626 ; $20,891,348 ; $16,847,644 ; $16,129,312 ; $15,956,859 ; $19,520,831 ; $20,031,972 ; $15,806,101 ; $9,183,611 ; $13,331,495 ; $21,636,291 ; $12,930,982 ; $14,672,366 ; $12,686,215 ; $15,585,271 ; $13,290,824 ; $12,983,718 ; $17,300,051 ; $17,945,406 ; $15,604,662 ; $18,612,126 ; $17,169,467 ; $12,804,197 ; $10,748,836 ; $12,400,125 ; $13,022,400 ; $13,758,505 ; $13,538,018 ; $9,885,496 ; $12,834,581 ; $12,239,604 ; $16,199,351 ; $17,301,539 ; $16,558,362 ; $14,487,317 ; $18,543,182 ; $19,175,934 ; $13,635,310 ; $20,390,803 ; $15,022,680 ; $14,490,887 ; $7,801,100 ; $2,260,374,579 
114;Tottus Catedral; $12,409,058 ; $13,569,926 ; $11,344,330 ; $16,605,321 ; $14,057,683 ; $12,017,793 ; $12,511,322 ; $11,277,801 ; $14,701,787 ; $14,771,524 ; $15,782,625 ; $15,518,828 ; $23,761,494 ; $19,649,195 ; $14,733,950 ; $13,989,767 ; $15,603,699 ; $24,274,029 ; $16,681,509 ; $15,859,760 ; $15,544,457 ; $22,872,247 ; $14,869,573 ; $18,266,120 ; $14,814,623 ; $19,300,657 ; $16,289,737 ; $17,454,945 ; $16,536,359 ; $19,518,086 ; $20,754,311 ; $17,026,917 ; $17,681,561 ; $19,988,206 ; $24,981,816 ; $17,579,340 ; $19,552,587 ; $13,947,553 ; $18,748,682 ; $25,525,928 ; $13,873,717 ; $13,481,541 ; $18,432,658 ; $16,767,897 ; $15,695,939 ; $15,007,603 ; $15,011,857 ; $16,425,572 ; $14,355,026 ; $15,027,274 ; $13,521,191 ; $18,382,352 ; $11,491,248 ; $13,314,181 ; $13,040,769 ; $15,834,757 ; $17,018,858 ; $13,787,848 ; $12,306,212 ; $17,780,246 ; $18,521,587 ; $13,689,913 ; $16,728,941 ; $8,943,511 ; $15,612,587 ; $12,657,303 ; $12,103,483 ; $13,571,679 ; $13,687,520 ; $7,748,640 ; $7,478,815 ; $7,701,021 ; $7,419,730 ; $16,963,985 ; $7,855,839 ; $9,570,615 ; $7,998,722 ; $12,635,787 ; $9,379,774 ; $9,906,847 ; $9,655,553 ; $13,212,345 ; $13,524,606 ; $11,864,443 ; $12,883,502 ; $13,194,249 ; $18,644,510 ; $15,564,177 ; $13,247,590 ; $7,150,155 ; $11,284,633 ; $16,746,575 ; $9,240,868 ; $10,140,038 ; $10,684,475 ; $17,428,640 ; $9,316,087 ; $10,117,431 ; $11,630,478 ; $15,052,550 ; $10,568,156 ; $11,161,660 ; $15,165,886 ; $13,130,622 ; $11,439,760 ; $9,779,047 ; $12,234,696 ; $12,227,083 ; $17,150,699 ; $10,919,843 ; $10,535,510 ; $9,369,097 ; $14,518,833 ; $13,158,623 ; $10,682,660 ; $10,445,644 ; $17,557,062 ; $14,146,250 ; $11,335,522 ; $12,482,789 ; $12,954,165 ; $16,920,355 ; $4,197,289 ; $2,219,233,660 
307;Tottus El Trebol; $11,163,408 ; $11,476,693 ; $9,747,612 ; $10,009,361 ; $10,014,476 ; $10,854,514 ; $12,671,257 ; $14,470,636 ; $17,119,077 ; $14,602,553 ; $13,695,994 ; $16,214,070 ; $21,053,787 ; $19,580,000 ; $17,152,002 ; $16,305,929 ; $13,427,847 ; $21,852,330 ; $16,609,341 ; $16,176,013 ; $18,239,555 ; $30,057,088 ; $13,572,390 ; $17,539,895 ; $15,980,120 ; $19,606,375 ; $15,960,051 ; $22,176,731 ; $20,564,585 ; $26,834,198 ; $24,510,131 ; $22,983,854 ; $26,504,245 ; $25,672,613 ; $26,149,388 ; $22,842,608 ; $17,382,915 ; $14,187,863 ; $16,789,205 ; $32,931,327 ; $10,800,038 ; $14,315,996 ; $16,782,551 ; $16,203,345 ; $17,073,473 ; $17,336,280 ; $19,366,519 ; $16,060,761 ; $13,517,750 ; $14,252,215 ; $15,954,957 ; $16,964,160 ; $10,049,455 ; $11,591,200 ; $13,663,915 ; $15,343,603 ; $15,895,176 ; $10,831,248 ; $13,696,986 ; $15,065,432 ; $18,334,151 ; $12,756,129 ; $12,859,662 ; $7,489,928 ; $13,128,917 ; $9,595,822 ; $9,411,423 ; $11,632,559 ; $13,974,449 ; $7,253,637 ; $11,189,151 ; $7,557,704 ; $8,291,134 ; $24,299,266 ; $8,291,762 ; $11,000,591 ; $13,480,668 ; $14,374,572 ; $12,733,235 ; $11,238,292 ; $14,621,908 ; $16,189,752 ; $19,652,265 ; $17,492,069 ; $15,597,680 ; $17,653,792 ; $24,719,142 ; $26,998,496 ; $17,825,660 ; $7,132,747 ; $12,920,079 ; $26,212,833 ; $11,244,985 ; $11,027,510 ; $14,404,894 ; $16,574,593 ; $10,575,346 ; $12,079,636 ; $18,310,588 ; $15,103,421 ; $10,526,871 ; $13,600,711 ; $22,014,215 ; $16,299,696 ; $9,854,318 ; $10,929,244 ; $13,211,291 ; $13,111,198 ; $15,717,578 ; $12,078,567 ; $11,841,047 ; $10,555,527 ; $14,770,775 ; $12,129,413 ; $15,237,888 ; $13,615,888 ; $16,183,526 ; $17,614,291 ; $11,988,888 ; $15,690,456 ; $15,810,147 ; $16,894,026 ; $5,491,211 ; $2,217,045,094 
209;Tottus Padre Hurtado; $10,199,741 ; $10,353,181 ; $9,035,422 ; $11,275,364 ; $10,263,808 ; $8,841,584 ; $10,838,910 ; $15,532,232 ; $16,187,430 ; $14,677,833 ; $12,729,124 ; $14,181,613 ; $19,674,021 ; $19,262,100 ; $14,862,363 ; $14,135,621 ; $14,748,636 ; $19,836,055 ; $13,592,470 ; $12,843,489 ; $15,687,400 ; $24,531,117 ; $13,421,922 ; $16,425,951 ; $14,411,519 ; $19,193,999 ; $15,325,929 ; $20,624,865 ; $14,039,629 ; $20,508,995 ; $22,258,081 ; $13,370,690 ; $13,430,309 ; $15,316,291 ; $16,605,288 ; $15,796,011 ; $14,077,991 ; $11,759,685 ; $13,398,281 ; $20,005,935 ; $10,515,438 ; $11,000,574 ; $13,873,579 ; $13,113,970 ; $12,074,148 ; $15,528,291 ; $14,649,757 ; $14,765,201 ; $12,605,206 ; $13,455,643 ; $14,063,672 ; $17,620,678 ; $12,344,471 ; $11,489,816 ; $10,902,653 ; $12,305,729 ; $14,590,278 ; $10,579,090 ; $13,942,680 ; $13,828,438 ; $15,786,347 ; $14,326,091 ; $10,678,749 ; $6,609,724 ; $12,474,055 ; $9,037,221 ; $9,630,890 ; $12,104,046 ; $14,534,724 ; $8,697,057 ; $10,519,037 ; $7,232,897 ; $11,892,521 ; $22,241,111 ; $9,614,575 ; $12,845,135 ; $11,546,051 ; $11,284,463 ; $11,431,869 ; $10,435,645 ; $12,768,788 ; $14,482,849 ; $16,137,150 ; $16,380,753 ; $15,869,535 ; $15,950,089 ; $21,675,629 ; $22,364,535 ; $16,219,016 ; $8,314,978 ; $13,966,745 ; $23,461,946 ; $11,937,954 ; $12,817,252 ; $14,252,421 ; $17,074,666 ; $10,494,804 ; $10,975,295 ; $17,390,863 ; $16,590,517 ; $12,441,404 ; $14,218,033 ; $16,927,627 ; $15,630,501 ; $11,637,775 ; $13,753,465 ; $14,713,973 ; $14,244,749 ; $15,738,478 ; $12,761,611 ; $13,534,826 ; $10,823,014 ; $14,133,704 ; $13,413,775 ; $12,904,095 ; $12,404,145 ; $16,625,627 ; $15,430,563 ; $10,393,538 ; $14,499,517 ; $14,652,847 ; $16,908,799 ; $5,380,732 ; $2,008,049,232 
501;Tottus Antofagasta Mall; $7,181,539 ; $10,527,503 ; $8,964,254 ; $7,729,788 ; $7,006,664 ; $11,248,403 ; $8,727,172 ; $10,941,011 ; $12,639,752 ; $10,992,679 ; $11,479,179 ; $11,992,880 ; $12,674,867 ; $13,871,707 ; $11,095,945 ; $10,717,498 ; $10,379,104 ; $13,891,766 ; $13,005,489 ; $11,940,302 ; $12,494,925 ; $17,136,256 ; $10,940,565 ; $13,492,734 ; $12,246,549 ; $13,716,083 ; $12,480,587 ; $14,536,136 ; $13,676,731 ; $18,519,570 ; $17,020,865 ; $15,670,433 ; $19,101,521 ; $20,180,670 ; $19,565,043 ; $19,736,911 ; $16,222,188 ; $12,387,265 ; $14,022,598 ; $24,326,231 ; $11,388,226 ; $13,807,467 ; $12,540,187 ; $15,848,915 ; $11,120,288 ; $12,840,015 ; $13,993,234 ; $15,580,477 ; $11,675,154 ; $12,006,643 ; $12,179,731 ; $14,185,058 ; $10,223,930 ; $11,737,860 ; $10,349,650 ; $12,372,681 ; $14,941,044 ; $10,107,764 ; $13,352,526 ; $15,637,766 ; $14,959,888 ; $13,041,125 ; $10,885,158 ; $7,926,286 ; $12,873,675 ; $12,311,614 ; $8,678,380 ; $11,236,763 ; $11,272,272 ; $7,753,745 ; $11,927,932 ; $8,170,314 ; $10,480,354 ; $18,640,563 ; $9,489,892 ; $11,566,829 ; $11,898,799 ; $13,831,744 ; $12,951,065 ; $11,870,565 ; $14,057,930 ; $15,420,143 ; $15,079,448 ; $14,598,789 ; $12,513,541 ; $16,955,424 ; $16,954,351 ; $20,399,207 ; $17,791,357 ; $10,129,782 ; $14,471,354 ; $22,768,885 ; $14,448,302 ; $14,307,889 ; $15,573,668 ; $23,267,983 ; $13,400,983 ; $14,252,619 ; $19,480,357 ; $20,373,637 ; $16,414,306 ; $13,617,325 ; $19,406,496 ; $16,902,554 ; $13,429,583 ; $13,363,841 ; $14,286,283 ; $15,824,883 ; $19,201,052 ; $14,389,435 ; $14,239,256 ; $12,844,066 ; $17,662,705 ; $14,830,175 ; $14,312,459 ; $14,727,734 ; $22,174,365 ; $19,101,629 ; $13,842,275 ; $16,032,085 ; $20,276,690 ; $23,271,325 ; $5,675,557 ; $2,005,623,777 
206;Tottus Talagante Cordillera; $7,763,474 ; $8,742,132 ; $8,039,821 ; $8,928,562 ; $8,195,277 ; $9,985,035 ; $10,477,668 ; $11,444,130 ; $14,733,612 ; $12,471,250 ; $10,081,573 ; $11,396,708 ; $15,415,419 ; $14,939,686 ; $25,043,254 ; $11,379,067 ; $10,413,805 ; $16,368,851 ; $13,074,133 ; $11,992,012 ; $13,720,150 ; $18,041,883 ; $11,622,955 ; $15,638,579 ; $12,995,261 ; $14,716,966 ; $14,884,448 ; $13,248,046 ; $12,060,572 ; $17,746,719 ; $16,536,103 ; $13,000,374 ; $14,960,886 ; $14,923,215 ; $17,007,366 ; $14,578,679 ; $16,103,901 ; $10,260,485 ; $14,457,498 ; $19,008,484 ; $11,105,314 ; $12,248,134 ; $15,310,350 ; $13,513,455 ; $12,822,811 ; $13,219,764 ; $14,202,671 ; $15,107,263 ; $14,554,414 ; $12,326,338 ; $16,940,386 ; $17,921,222 ; $10,542,409 ; $12,271,580 ; $12,675,530 ; $11,013,265 ; $13,464,946 ; $10,085,169 ; $12,106,840 ; $13,501,262 ; $16,378,112 ; $11,376,787 ; $12,518,416 ; $7,681,306 ; $11,254,938 ; $12,051,175 ; $10,425,588 ; $10,137,039 ; $13,175,853 ; $9,017,697 ; $9,497,879 ; $7,500,292 ; $7,549,553 ; $18,277,041 ; $10,363,855 ; $10,876,348 ; $10,926,257 ; $11,921,890 ; $9,205,187 ; $9,574,830 ; $12,566,845 ; $13,274,106 ; $13,444,717 ; $12,129,075 ; $13,022,503 ; $13,031,892 ; $17,289,576 ; $16,703,034 ; $15,764,732 ; $7,592,193 ; $13,148,704 ; $16,909,909 ; $10,909,963 ; $10,721,707 ; $11,810,414 ; $14,661,387 ; $10,545,647 ; $10,651,334 ; $14,061,481 ; $14,572,174 ; $11,655,692 ; $11,985,250 ; $17,147,869 ; $14,646,166 ; $11,042,128 ; $10,054,474 ; $11,904,006 ; $11,944,197 ; $16,844,590 ; $11,081,775 ; $13,034,864 ; $10,764,677 ; $15,754,131 ; $12,403,697 ; $13,022,424 ; $11,731,364 ; $16,209,132 ; $15,271,712 ; $13,264,966 ; $14,938,435 ; $13,627,057 ; $18,061,073 ; $4,202,664 ; $1,829,073,363 
124;Tottus Walker Martinez; $8,777,608 ; $8,022,520 ; $7,946,802 ; $8,020,291 ; $8,256,961 ; $9,582,729 ; $8,930,246 ; $10,389,478 ; $10,838,699 ; $9,164,336 ; $9,895,546 ; $9,153,319 ; $13,757,855 ; $13,618,889 ; $11,143,282 ; $10,194,362 ; $10,454,328 ; $12,428,160 ; $9,562,476 ; $10,928,890 ; $11,103,060 ; $14,092,880 ; $8,606,054 ; $11,120,173 ; $9,425,353 ; $10,986,031 ; $8,903,037 ; $9,938,967 ; $8,897,583 ; $11,125,414 ; $12,103,554 ; $9,020,295 ; $10,274,903 ; $11,744,086 ; $13,107,691 ; $11,026,862 ; $10,205,629 ; $7,803,757 ; $10,145,194 ; $12,136,537 ; $7,517,435 ; $7,465,656 ; $10,616,731 ; $8,539,408 ; $8,532,047 ; $8,350,005 ; $9,284,037 ; $8,647,628 ; $9,163,264 ; $9,315,687 ; $10,974,253 ; $12,744,243 ; $5,806,787 ; $7,869,182 ; $6,964,142 ; $8,371,508 ; $9,825,960 ; $6,068,578 ; $7,970,459 ; $10,137,215 ; $9,706,589 ; $8,458,035 ; $8,049,452 ; $4,536,682 ; $7,682,577 ; $7,035,301 ; $6,532,687 ; $7,399,500 ; $7,849,281 ; $6,720,380 ; $8,556,836 ; $4,745,919 ; $6,123,765 ; $14,811,493 ; $6,273,245 ; $7,887,652 ; $9,565,099 ; $8,081,966 ; $8,813,315 ; $8,065,489 ; $8,234,068 ; $11,145,157 ; $10,642,056 ; $9,712,778 ; $12,096,072 ; $10,633,568 ; $14,239,793 ; $16,720,827 ; $10,540,245 ; $6,107,397 ; $9,797,928 ; $15,517,496 ; $8,453,654 ; $9,422,379 ; $8,759,616 ; $13,109,538 ; $8,030,844 ; $8,645,278 ; $12,093,623 ; $13,159,013 ; $10,294,377 ; $10,457,827 ; $13,997,330 ; $9,618,677 ; $7,314,708 ; $10,333,328 ; $9,092,568 ; $9,337,504 ; $10,877,881 ; $8,302,217 ; $8,736,588 ; $7,774,948 ; $10,622,845 ; $8,778,413 ; $10,065,317 ; $8,878,997 ; $10,587,794 ; $11,843,582 ; $9,223,339 ; $10,194,877 ; $11,394,022 ; $12,609,680 ; $2,923,166 ; $1,589,653,860 
152;Tottus Plaza Oeste II; $13,337,242 ; $12,178,084 ; $10,793,051 ; $11,349,905 ; $11,361,851 ; $12,286,680 ; $14,868,207 ; $15,253,111 ; $18,369,605 ; $19,964,987 ; $20,110,855 ; $17,398,934 ; $20,931,714 ; $21,365,182 ; $19,032,954 ; $20,465,147 ; $20,175,233 ; $25,243,421 ; $21,805,610 ; $19,257,511 ; $21,126,442 ; $31,543,092 ; $14,908,186 ; $19,593,805 ; $17,078,093 ; $22,495,740 ; $18,682,660 ; $22,873,765 ; $18,980,614 ; $23,273,015 ; $27,025,678 ; $25,547,579 ; $28,013,930 ; $29,823,890 ; $32,861,160 ; $28,054,112 ; $25,969,515 ; $17,503,022 ; $9,270,190 ; $13,826,983 ; $5,053,055 ; $7,653,179 ; $7,254,605 ; $7,101,461 ; $7,536,216 ; $7,032,656 ; $8,346,254 ; $7,900,079 ; $6,749,973 ; $6,532,980 ; $7,171,999 ; $9,099,144 ; $5,830,247 ; $6,744,962 ; $7,635,387 ; $6,914,333 ; $9,674,677 ; $6,176,887 ; $8,147,045 ; $8,516,916 ; $8,686,081 ; $7,245,268 ; $7,681,815 ; $4,805,920 ; $7,998,002 ; $5,678,348 ; $5,109,056 ; $6,396,672 ; $6,040,376 ; $3,454,627 ; $6,095,852 ; $4,058,575 ; $4,716,232 ; $10,544,542 ; $3,493,076 ; $5,879,257 ; $5,105,476 ; $6,204,235 ; $5,105,368 ; $4,840,500 ; $5,852,971 ; $7,254,417 ; $881,625 ; $45,151 ;;;;;;;;;;;;;;;;;;;;;;;;;;;;;;;;;;;;;;;; $1,566,361,123 
220;Tottus Maitencillo; $23,699,913 ; $27,570,789 ; $29,481,240 ; $25,489,091 ; $33,872,510 ; $34,943,096 ; $35,089,003 ; $23,134,298 ; $10,405,301 ; $4,602,905 ; $5,263,381 ; $5,839,267 ; $17,377,789 ; $5,701,017 ; $20,609,021 ; $4,042,747 ; $4,380,376 ; $5,479,624 ; $4,667,206 ; $5,224,121 ; $4,884,114 ; $5,547,851 ; $4,079,116 ; $15,653,199 ; $9,546,070 ; $6,884,689 ; $13,083,786 ; $19,802,419 ; $17,045,904 ; $4,352,866 ; $4,641,613 ; $10,802,683 ; $5,258,368 ; $4,060,717 ; $5,003,600 ; $6,253,587 ; $24,898,866 ; $12,423,211 ; $4,638,763 ; $12,413,653 ; $4,045,060 ; $3,649,939 ; $16,047,599 ; $4,159,408 ; $3,496,154 ; $2,991,627 ; $3,232,186 ; $3,195,982 ; $11,738,836 ; $3,616,693 ; $3,809,183 ; $19,789,270 ; $19,090,906 ; $16,321,471 ; $16,054,003 ; $12,024,421 ; $15,442,748 ; $13,458,529 ; $13,704,253 ; $10,191,394 ; $4,948,620 ; $3,189,842 ; $4,261,016 ; $2,468,193 ; $2,876,190 ; $10,876,216 ; $1,906,502 ; $2,431,884 ; $6,782,509 ; $2,065,470 ; $2,506,230 ; $1,840,040 ; $1,936,261 ; $3,507,611 ; $2,615,695 ; $2,317,262 ; $6,124,794 ; $3,668,851 ; $6,668,452 ; $6,526,416 ; $3,226,981 ; $2,077,941 ; $2,988,243 ; $6,822,245 ; $3,498,194 ; $1,516,241 ; $3,473,451 ; $3,155,393 ; $15,579,398 ; $4,921,923 ; $2,065,563 ; $8,533,064 ; $2,035,430 ; $2,490,771 ; $7,935,243 ; $3,729,261 ; $1,647,154 ; $2,843,033 ; $2,574,929 ; $4,070,464 ; $7,824,253 ; $2,021,088 ; $4,140,598 ; $20,486,044 ; $14,330,985 ; $16,180,607 ; $16,134,057 ; $14,941,188 ; $15,934,203 ; $16,265,953 ; $14,769,164 ; $13,640,546 ; $8,217,923 ; $2,711,721 ; $4,072,971 ; $3,207,894 ; $10,584,973 ; $2,714,269 ; $3,043,369 ; $3,651,767 ; $3,586,439 ; $5,056,358 ; $1,179,895 ; $1,521,541,831 
136;Tottus Pajaritos;;;;;;;;;;;;;;;;;;;;;;;;;;;;;;;; $139 ;; $163 ; $2,073 ;;; $7,969 ; $9,735,033 ; $21,038,882 ; $9,711,928 ; $12,217,250 ; $13,891,572 ; $12,316,913 ; $12,435,144 ; $11,724,263 ; $12,518,446 ; $12,278,627 ; $10,930,778 ; $10,499,004 ; $12,337,284 ; $16,411,791 ; $7,634,875 ; $9,353,669 ; $9,592,928 ; $13,819,701 ; $14,141,187 ; $10,371,645 ; $14,817,065 ; $14,997,338 ; $17,139,379 ; $11,030,971 ; $12,177,515 ; $6,453,754 ; $11,745,267 ; $9,013,229 ; $9,719,104 ; $11,218,427 ; $11,993,674 ; $7,976,059 ; $8,493,225 ; $6,161,170 ; $7,264,654 ; $18,704,727 ; $7,696,714 ; $11,644,194 ; $11,235,032 ; $12,211,876 ; $10,611,835 ; $10,202,565 ; $12,948,801 ; $18,574,254 ; $21,139,899 ; $23,149,639 ; $22,035,724 ; $23,583,309 ; $25,532,437 ; $30,798,605 ; $25,581,733 ; $10,727,997 ; $18,400,908 ; $32,574,683 ; $15,202,258 ; $16,453,854 ; $18,163,277 ; $23,551,843 ; $14,629,947 ; $13,555,938 ; $21,601,190 ; $24,764,908 ; $16,832,733 ; $17,957,316 ; $29,565,469 ; $24,462,484 ; $13,961,633 ; $15,981,910 ; $16,466,722 ; $18,086,248 ; $25,569,148 ; $16,290,747 ; $17,012,388 ; $12,881,146 ; $19,060,098 ; $18,949,122 ; $18,083,694 ; $18,731,358 ; $23,981,874 ; $25,762,570 ; $17,256,965 ; $20,668,738 ; $21,561,350 ; $24,800,611 ; $6,607,623 ; $1,338,995,072 
116;Tottus Huechuraba; $5,476,032 ; $8,555,979 ; $4,532,054 ; $6,776,653 ; $5,728,329 ; $6,515,291 ; $7,269,358 ; $6,728,292 ; $8,694,061 ; $7,540,328 ; $7,519,529 ; $8,466,284 ; $9,136,380 ; $8,279,117 ; $7,396,216 ; $6,971,843 ; $7,165,904 ; $9,416,001 ; $6,809,324 ; $7,225,879 ; $6,624,287 ; $11,478,311 ; $5,812,247 ; $7,704,537 ; $7,032,870 ; $7,548,070 ; $7,285,323 ; $7,918,511 ; $6,104,264 ; $8,825,174 ; $8,445,967 ; $6,578,056 ; $7,478,059 ; $8,249,997 ; $8,636,212 ; $7,855,926 ; $7,934,506 ; $5,774,433 ; $6,187,639 ; $11,145,629 ; $5,227,053 ; $6,225,792 ; $7,897,847 ; $7,327,509 ; $6,763,255 ; $8,254,665 ; $7,365,416 ; $6,474,254 ; $6,514,991 ; $6,846,636 ; $5,705,701 ; $7,092,839 ; $5,131,004 ; $8,353,224 ; $4,939,219 ; $6,379,581 ; $6,821,264 ; $5,274,875 ; $6,908,489 ; $7,524,078 ; $8,676,672 ; $6,177,087 ; $7,449,248 ; $4,214,732 ; $6,845,965 ; $4,017,708 ; $5,655,358 ; $6,813,225 ; $7,948,869 ; $5,498,733 ; $7,650,165 ; $5,703,959 ; $7,015,134 ; $14,051,232 ; $7,099,009 ; $8,976,156 ; $8,365,640 ; $8,472,781 ; $8,707,110 ; $7,928,026 ; $9,931,102 ; $11,312,247 ; $12,946,205 ; $12,140,956 ; $12,498,518 ; $12,592,941 ; $16,463,141 ; $19,799,615 ; $13,101,395 ; $6,211,769 ; $10,357,068 ; $17,789,158 ; $8,872,331 ; $11,023,484 ; $10,065,701 ; $11,430,576 ; $9,476,195 ; $10,024,524 ; $13,079,909 ; $13,519,868 ; $10,552,025 ; $11,594,249 ; $14,611,348 ; $11,791,664 ; $7,642,529 ; $9,883,658 ; $9,978,776 ; $10,354,633 ; $12,714,301 ; $9,420,712 ; $9,402,345 ; $8,885,768 ; $11,391,159 ; $11,259,755 ; $11,116,500 ; $11,835,288 ; $13,255,219 ; $12,092,497 ; $8,895,466 ; $11,737,005 ; $10,299,486 ; $13,509,453 ; $3,372,881 ; $1,312,964,616 
309;Tottus Bio Bio; $7,629,473 ; $22,232,385 ; $5,870,648 ; $4,573,806 ; $4,815,206 ; $5,787,106 ; $6,726,706 ; $8,637,611 ; $8,787,231 ; $9,094,007 ; $8,183,890 ; $8,777,813 ; $11,952,019 ; $12,677,771 ; $8,858,230 ; $11,672,185 ; $9,060,816 ; $12,826,066 ; $9,159,279 ; $9,808,202 ; $8,914,969 ; $14,358,584 ; $8,672,069 ; $10,455,524 ; $9,393,853 ; $11,814,343 ; $8,394,954 ; $12,182,324 ; $10,272,971 ; $12,049,321 ; $13,772,585 ; $11,492,810 ; $12,115,262 ; $14,402,199 ; $11,010,618 ; $11,893,299 ; $10,232,086 ; $7,156,368 ; $8,492,458 ; $12,502,818 ; $5,377,595 ; $6,903,392 ; $8,219,812 ; $6,351,414 ; $7,342,906 ; $7,600,929 ; $7,387,940 ; $7,230,512 ; $6,622,848 ; $7,756,576 ; $6,171,787 ; $9,359,762 ; $4,504,745 ; $6,601,094 ; $6,811,396 ; $7,896,758 ; $7,464,919 ; $5,232,109 ; $6,250,396 ; $9,384,496 ; $8,198,189 ; $6,187,819 ; $7,094,628 ; $3,266,955 ; $6,978,503 ; $5,348,349 ; $4,976,394 ; $7,233,944 ; $8,217,040 ; $4,806,422 ; $5,354,486 ; $4,438,555 ; $5,078,428 ; $12,974,415 ; $4,445,054 ; $6,946,581 ; $7,533,791 ; $7,932,889 ; $7,204,849 ; $6,634,218 ; $8,886,890 ; $9,164,192 ; $9,679,966 ; $8,957,084 ; $10,141,708 ; $8,569,380 ; $13,667,422 ; $13,445,041 ; $8,781,537 ; $4,618,601 ; $6,950,997 ; $13,548,639 ; $5,698,855 ; $6,830,018 ; $6,226,985 ; $9,806,464 ; $6,546,856 ; $5,673,642 ; $8,536,831 ; $9,421,859 ; $5,905,510 ; $7,383,322 ; $10,055,591 ; $8,070,740 ; $5,448,775 ; $5,520,333 ; $6,478,665 ; $6,913,883 ; $8,915,076 ; $5,496,792 ; $7,321,345 ; $5,255,991 ; $7,336,370 ; $6,273,102 ; $7,686,392 ; $7,378,402 ; $10,393,417 ; $9,804,424 ; $6,788,296 ; $9,831,864 ; $7,877,197 ; $10,184,270 ; $4,258,375 ; $1,302,639,114 
219;Tottus Reñaca; $7,566,782 ; $7,584,840 ; $7,711,839 ; $7,161,426 ; $8,226,736 ; $8,761,545 ; $9,890,854 ; $10,303,536 ; $9,123,351 ; $8,528,260 ; $8,276,206 ; $9,480,184 ; $9,889,125 ; $9,436,171 ; $9,978,527 ; $10,104,528 ; $10,322,685 ; $10,271,314 ; $8,225,923 ; $9,442,296 ; $9,069,571 ; $12,731,274 ; $8,564,196 ; $8,675,785 ; $6,942,896 ; $8,157,861 ; $8,296,224 ; $8,975,920 ; $7,680,342 ; $7,936,973 ; $8,099,627 ; $8,381,111 ; $7,412,858 ; $8,566,883 ; $9,171,166 ; $7,703,738 ; $7,194,854 ; $6,072,857 ; $6,144,015 ; $10,533,211 ; $5,096,519 ; $5,850,665 ; $7,134,864 ; $6,755,618 ; $6,545,188 ; $6,527,961 ; $7,211,870 ; $6,647,478 ; $6,573,608 ; $6,262,199 ; $6,811,578 ; $8,596,407 ; $5,098,496 ; $6,129,982 ; $6,495,039 ; $8,436,490 ; $7,027,954 ; $6,907,714 ; $7,435,457 ; $7,368,830 ; $8,194,716 ; $8,358,785 ; $6,158,453 ; $4,078,506 ; $5,305,428 ; $4,247,777 ; $4,884,137 ; $6,127,400 ; $6,833,677 ; $3,751,148 ; $5,929,080 ; $3,997,921 ; $4,586,276 ; $8,393,319 ; $4,416,967 ; $4,329,857 ; $5,783,328 ; $5,681,129 ; $5,610,506 ; $5,390,329 ; $6,214,671 ; $7,040,413 ; $7,792,922 ; $7,788,301 ; $7,155,260 ; $6,662,409 ; $9,204,525 ; $10,260,397 ; $9,073,975 ; $3,924,607 ; $7,664,367 ; $9,987,404 ; $6,973,477 ; $6,419,493 ; $7,475,599 ; $8,280,623 ; $7,871,772 ; $6,997,341 ; $10,035,067 ; $8,931,557 ; $7,238,652 ; $7,652,793 ; $10,197,752 ; $10,564,254 ; $6,927,767 ; $7,633,307 ; $8,042,295 ; $8,051,429 ; $7,180,817 ; $10,378,738 ; $8,420,241 ; $6,618,015 ; $8,627,828 ; $8,713,173 ; $6,985,916 ; $6,299,641 ; $10,526,331 ; $9,533,820 ; $7,371,326 ; $9,139,571 ; $8,660,332 ; $10,886,004 ; $2,340,146 ; $1,271,442,265 
103;Tottus Puente Alto;;;;;;;;;;;;;;;;;;;;;;;;;;;;; $35,112 ;; $13,236,774 ; $10,263,884 ; $12,516,189 ; $13,659,848 ; $14,790,126 ; $12,923,163 ; $12,355,403 ; $8,994,247 ; $10,888,428 ; $18,087,000 ; $8,999,356 ; $10,729,856 ; $11,927,057 ; $9,587,959 ; $10,532,814 ; $9,683,070 ; $12,166,842 ; $10,992,260 ; $9,801,444 ; $8,741,158 ; $11,931,485 ; $14,117,098 ; $7,794,267 ; $9,051,636 ; $9,186,945 ; $11,573,640 ; $11,855,649 ; $9,339,342 ; $10,516,995 ; $13,094,337 ; $13,616,179 ; $10,036,174 ; $10,635,318 ; $6,112,038 ; $11,266,946 ; $8,020,096 ; $7,191,605 ; $10,916,002 ; $12,478,520 ; $7,204,141 ; $9,629,509 ; $8,062,278 ; $9,529,380 ; $21,845,948 ; $10,648,029 ; $10,468,356 ; $13,305,028 ; $12,440,702 ; $12,015,126 ; $11,762,018 ; $13,669,040 ; $17,591,191 ; $18,739,204 ; $16,239,675 ; $17,421,480 ; $19,864,444 ; $22,276,801 ; $27,114,776 ; $20,752,532 ; $9,543,915 ; $15,051,059 ; $24,922,456 ; $12,176,301 ; $14,177,186 ; $14,666,420 ; $20,037,501 ; $12,187,162 ; $13,523,443 ; $18,496,372 ; $17,545,234 ; $13,620,244 ; $11,372,773 ; $23,815,523 ; $23,107,266 ; $11,746,396 ; $12,750,496 ; $12,872,991 ; $15,027,474 ; $17,735,927 ; $11,534,349 ; $14,084,480 ; $10,990,732 ; $14,403,322 ; $14,558,349 ; $15,143,325 ; $14,972,026 ; $18,732,837 ; $18,869,978 ; $12,819,048 ; $16,427,520 ; $17,258,549 ; $22,681,023 ; $5,703,090 ; $1,252,780,684 
510;Tottus La Serena; $7,299,003 ; $7,291,520 ; $7,014,172 ; $9,591,957 ; $9,208,380 ; $8,803,633 ; $9,105,834 ; $9,718,512 ; $11,475,150 ; $8,547,006 ; $8,212,547 ; $9,088,855 ; $12,287,353 ; $10,984,564 ; $8,548,973 ; $7,617,493 ; $6,662,762 ; $8,970,715 ; $8,528,237 ; $8,039,924 ; $8,191,436 ; $13,613,591 ; $7,436,685 ; $8,067,753 ; $5,500,355 ; $6,893,182 ; $5,599,989 ; $6,674,408 ; $7,077,395 ; $6,843,310 ; $6,862,938 ; $7,266,887 ; $6,655,045 ; $8,080,668 ; $7,776,704 ; $8,867,431 ; $7,938,577 ; $5,393,847 ; $24,026,108 ; $9,060,555 ; $3,781,822 ; $5,375,524 ; $5,587,618 ; $5,972,158 ; $4,420,404 ; $5,103,763 ; $5,532,446 ; $6,500,816 ; $4,834,532 ; $5,550,017 ; $5,995,639 ; $8,284,439 ; $5,666,320 ; $5,630,688 ; $6,008,354 ; $7,564,352 ; $6,950,400 ; $5,070,304 ; $7,021,184 ; $7,140,809 ; $7,879,006 ; $5,162,983 ; $4,859,331 ; $2,239,592 ; $4,163,604 ; $3,349,198 ; $4,066,210 ; $4,160,860 ; $4,843,811 ; $3,337,485 ; $3,906,580 ; $3,145,090 ; $3,007,874 ; $8,402,598 ; $2,713,338 ; $4,399,220 ; $4,504,478 ; $5,302,001 ; $5,273,720 ; $4,257,878 ; $5,062,726 ; $7,934,244 ; $7,330,354 ; $6,354,396 ; $7,139,956 ; $6,739,329 ; $11,620,930 ; $11,018,153 ; $9,828,959 ; $3,860,433 ; $6,194,732 ; $10,202,193 ; $5,293,890 ; $6,392,310 ; $7,523,040 ; $9,463,447 ; $5,972,063 ; $5,744,992 ; $7,585,814 ; $7,195,156 ; $5,843,048 ; $5,350,443 ; $9,240,002 ; $8,283,958 ; $5,356,498 ; $6,434,338 ; $6,531,615 ; $8,210,130 ; $11,751,862 ; $7,982,239 ; $8,790,383 ; $6,654,579 ; $6,146,609 ; $4,785,952 ; $6,079,271 ; $7,570,270 ; $8,132,038 ; $7,891,264 ; $6,353,487 ; $6,967,227 ; $7,690,589 ; $8,739,827 ; $1,973,473 ; $1,145,703,781 
306;Tottus Los Ángeles mall; $5,039,867 ; $5,892,291 ; $4,412,215 ; $6,389,001 ; $6,421,081 ; $8,011,274 ; $7,245,886 ; $9,188,943 ; $11,423,934 ; $8,198,647 ; $8,157,805 ; $7,655,438 ; $9,435,148 ; $9,203,486 ; $7,414,528 ; $7,439,294 ; $7,490,471 ; $10,014,173 ; $6,917,647 ; $7,445,748 ; $8,154,581 ; $9,710,786 ; $6,967,184 ; $6,897,229 ; $7,367,781 ; $9,164,107 ; $6,497,113 ; $9,449,113 ; $9,401,391 ; $9,613,513 ; $9,962,708 ; $9,230,493 ; $10,864,962 ; $11,086,338 ; $10,839,467 ; $8,821,247 ; $8,952,296 ; $5,865,434 ; $6,272,278 ; $12,154,473 ; $5,957,438 ; $6,228,710 ; $6,700,210 ; $6,781,293 ; $6,415,441 ; $7,167,434 ; $7,740,963 ; $8,914,050 ; $7,023,227 ; $7,955,168 ; $9,016,509 ; $11,123,999 ; $6,499,357 ; $7,037,473 ; $7,730,877 ; $7,922,450 ; $8,978,300 ; $6,553,676 ; $7,666,171 ; $8,820,470 ; $9,339,991 ; $6,328,372 ; $7,684,951 ; $4,103,977 ; $8,252,485 ; $4,800,482 ; $6,454,147 ; $6,633,188 ; $8,254,957 ; $4,231,010 ; $5,656,090 ; $5,283,346 ; $5,729,340 ; $12,846,090 ; $5,636,959 ; $7,417,342 ; $6,671,555 ; $6,316,593 ; $8,096,845 ; $7,234,529 ; $8,147,363 ; $11,672,844 ; $10,775,059 ; $9,855,216 ; $11,816,726 ; $9,935,947 ; $13,909,066 ; $15,643,959 ; $12,183,350 ; $5,826,417 ; $10,013,077 ; $13,603,688 ; $6,679,630 ; $8,781,284 ; $10,108,924 ; $10,073,775 ; $7,540,095 ; $8,056,618 ; $11,753,765 ; $10,100,670 ; $7,336,983 ; $7,519,643 ; $13,347,468 ; $10,957,788 ; $8,137,045 ; $7,602,031 ; $8,856,725 ; $9,094,132 ; $11,063,846 ; $7,946,916 ; $8,715,601 ; $6,522,938 ; $8,595,018 ; $7,858,634 ; $9,301,202 ; $9,517,715 ; $10,580,823 ; $10,960,058 ; $7,097,814 ; $8,906,962 ; $9,927,773 ; $14,544,004 ; $2,736,835 ; $1,058,797,061 
513;Tottus Antofagasta Norte;;;;;;;;;;;;; $1,648,772 ; $3,814,382 ; $4,052,293 ; $3,307,886 ; $3,080,988 ; $4,666,919 ; $3,983,039 ; $3,897,309 ; $4,422,909 ; $8,642,417 ; $5,054,462 ; $5,142,050 ; $5,683,457 ; $6,883,231 ; $5,568,497 ; $6,499,358 ; $7,040,517 ; $9,146,006 ; $9,223,356 ; $7,984,173 ; $9,166,044 ; $9,763,273 ; $11,823,933 ; $8,982,529 ; $8,092,886 ; $6,863,858 ; $7,454,537 ; $12,501,872 ; $4,550,217 ; $5,599,802 ; $5,754,177 ; $5,522,298 ; $6,069,853 ; $5,566,306 ; $5,836,641 ; $7,640,634 ; $4,608,911 ; $6,684,731 ; $5,561,828 ; $6,816,335 ; $4,864,715 ; $5,299,172 ; $6,627,435 ; $6,709,076 ; $6,741,378 ; $4,835,437 ; $5,946,590 ; $8,229,366 ; $9,564,845 ; $5,709,722 ; $6,577,249 ; $4,235,925 ; $7,907,961 ; $5,488,077 ; $5,737,711 ; $6,364,770 ; $7,591,640 ; $4,838,566 ; $5,512,302 ; $5,168,797 ; $4,473,843 ; $11,428,525 ; $5,363,631 ; $8,179,461 ; $5,720,585 ; $8,237,925 ; $7,891,812 ; $6,000,996 ; $7,616,750 ; $9,664,317 ; $10,139,655 ; $7,179,892 ; $8,090,291 ; $9,195,326 ; $11,487,944 ; $10,464,218 ; $10,017,844 ; $4,842,206 ; $9,494,816 ; $13,666,380 ; $7,216,442 ; $7,649,573 ; $8,615,341 ; $12,284,697 ; $8,373,829 ; $7,554,775 ; $9,655,407 ; $11,033,261 ; $9,279,887 ; $6,932,855 ; $13,088,395 ; $10,654,077 ; $6,924,715 ; $6,748,953 ; $7,613,071 ; $8,162,024 ; $10,402,010 ; $8,042,218 ; $8,856,516 ; $6,063,240 ; $11,027,835 ; $8,471,913 ; $9,699,471 ; $8,377,384 ; $13,062,247 ; $12,163,966 ; $9,406,040 ; $10,139,503 ; $10,713,338 ; $16,254,866 ; $4,022,847 ; $836,200,536 
110;Tottus Colina;;;;;;;;;;;;;; $2,057,170 ; $1,780,558 ; $2,628,691 ; $4,113,195 ; $12,128,311 ; $4,139,757 ; $2,878,802 ; $3,413,248 ; $8,115,987 ; $3,506,213 ; $3,127,082 ; $4,175,604 ; $4,954,172 ; $4,634,540 ; $5,257,651 ; $5,144,962 ; $6,817,023 ; $7,621,682 ; $5,296,429 ; $5,606,705 ; $8,001,819 ; $8,597,094 ; $6,894,849 ; $7,001,443 ; $3,747,739 ; $5,201,607 ; $7,635,158 ; $3,303,324 ; $5,688,071 ; $4,150,631 ; $5,775,835 ; $4,030,160 ; $5,100,789 ; $5,918,504 ; $6,566,204 ; $4,386,259 ; $4,127,828 ; $5,914,672 ; $8,952,313 ; $4,213,368 ; $5,596,476 ; $4,858,823 ; $4,814,057 ; $7,295,460 ; $4,376,810 ; $6,018,753 ; $6,157,170 ; $7,759,815 ; $5,077,695 ; $4,546,658 ; $3,159,169 ; $5,299,469 ; $4,109,144 ; $3,101,304 ; $5,005,068 ; $6,184,562 ; $5,941,941 ; $5,108,959 ; $4,651,571 ; $4,940,791 ; $11,543,881 ; $4,239,945 ; $5,356,419 ; $4,952,887 ; $6,580,882 ; $6,601,967 ; $6,213,459 ; $6,814,331 ; $11,033,486 ; $11,081,187 ; $7,495,903 ; $10,663,187 ; $8,761,716 ; $14,735,158 ; $11,846,096 ; $12,188,721 ; $5,371,152 ; $10,878,037 ; $15,712,637 ; $7,573,288 ; $8,313,853 ; $9,861,525 ; $14,192,384 ; $8,221,846 ; $7,508,495 ; $12,028,273 ; $12,488,740 ; $9,626,479 ; $8,159,576 ; $17,253,185 ; $14,851,770 ; $8,611,692 ; $8,593,778 ; $9,979,666 ; $9,677,789 ; $14,267,900 ; $9,505,271 ; $8,744,898 ; $8,133,002 ; $13,269,290 ; $10,467,628 ; $10,703,519 ; $9,827,732 ; $13,925,812 ; $10,704,234 ; $8,450,256 ; $10,537,657 ; $10,634,654 ; $14,557,800 ; $3,664,919 ; $813,017,109 
313;Tottus Curicó Norte;;;;;;;;;;;;;; $540,572 ; $3,442,210 ; $1,505,270 ; $1,753,416 ; $3,487,117 ; $2,076,122 ; $1,310,573 ; $1,922,886 ; $3,216,164 ; $1,445,974 ; $1,494,793 ; $1,984,144 ; $2,909,220 ; $2,467,051 ; $2,693,079 ; $5,524,111 ; $4,182,847 ; $3,806,945 ; $3,404,990 ; $4,474,680 ; $5,522,902 ; $4,572,341 ; $4,300,140 ; $3,723,288 ; $2,051,935 ; $2,295,702 ; $5,660,878 ; $2,648,941 ; $2,266,962 ; $3,352,919 ; $2,860,049 ; $2,904,599 ; $3,206,116 ; $3,572,888 ; $2,928,037 ; $2,596,878 ; $2,721,446 ; $4,422,982 ; $3,313,909 ; $3,075,634 ; $3,622,432 ; $3,132,629 ; $3,136,174 ; $2,643,291 ; $2,341,682 ; $3,802,482 ; $4,705,958 ; $4,844,216 ; $4,225,904 ; $4,637,794 ; $2,362,378 ; $4,513,074 ; $2,685,238 ; $2,555,499 ; $3,934,775 ; $5,030,374 ; $1,935,715 ; $2,168,645 ; $2,629,649 ; $2,922,864 ; $8,449,146 ; $3,017,022 ; $3,763,826 ; $4,226,576 ; $4,225,642 ; $4,245,873 ; $3,345,115 ; $4,009,299 ; $6,676,780 ; $6,543,497 ; $6,131,548 ; $6,936,427 ; $6,127,362 ; $10,312,351 ; $11,577,279 ; $8,169,369 ; $3,346,415 ; $5,535,804 ; $11,122,413 ; $4,514,646 ; $5,683,579 ; $6,821,047 ; $7,398,499 ; $6,550,664 ; $4,569,601 ; $7,812,447 ; $7,466,748 ; $5,806,937 ; $6,140,357 ; $9,967,631 ; $7,508,006 ; $5,421,066 ; $4,966,039 ; $5,889,934 ; $6,919,061 ; $7,333,517 ; $5,898,520 ; $6,725,623 ; $5,369,797 ; $6,904,045 ; $4,827,982 ; $6,695,463 ; $5,158,735 ; $9,326,534 ; $7,510,318 ; $5,857,563 ; $5,911,613 ; $6,782,554 ; $9,803,482 ; $2,540,977 ; $507,316,216 
310;Tottus Chillan;;;;;;;;;;;;;;; $990,608 ; $2,086,931 ; $2,303,462 ; $2,358,744 ; $2,668,462 ; $1,946,337 ; $1,676,842 ; $2,950,921 ; $2,943,093 ; $1,973,861 ; $1,819,794 ; $2,863,992 ; $2,193,643 ; $2,892,316 ; $3,306,758 ; $4,368,297 ; $4,316,207 ; $3,433,811 ; $4,074,399 ; $5,057,615 ; $5,213,435 ; $3,258,853 ; $3,477,784 ; $2,126,369 ; $2,829,972 ; $4,955,279 ; $2,046,854 ; $2,165,892 ; $3,101,739 ; $2,602,464 ; $3,802,294 ; $3,326,261 ; $3,755,837 ; $3,301,602 ; $2,612,256 ; $3,672,646 ; $3,011,300 ; $4,524,384 ; $2,641,942 ; $2,829,887 ; $3,633,954 ; $3,483,608 ; $3,956,960 ; $2,455,047 ; $3,505,619 ; $4,884,291 ; $5,249,063 ; $3,546,775 ; $3,809,443 ; $2,129,404 ; $4,109,710 ; $2,424,893 ; $3,392,760 ; $4,098,011 ; $4,062,874 ; $2,703,036 ; $3,781,170 ; $2,526,433 ; $3,043,480 ; $7,385,651 ; $2,792,183 ; $4,618,981 ; $4,244,280 ; $4,841,117 ; $4,899,031 ; $4,778,143 ; $4,792,460 ; $6,898,291 ; $6,275,440 ; $7,171,266 ; $6,889,505 ; $7,162,121 ; $9,215,226 ; $10,377,089 ; $8,999,747 ; $3,332,405 ; $6,163,733 ; $10,274,870 ; $4,542,987 ; $5,864,269 ; $6,061,900 ; $6,474,988 ; $5,350,936 ; $6,006,691 ; $7,365,784 ; $6,449,020 ; $5,083,063 ; $5,034,260 ; $10,971,802 ; $7,976,756 ; $4,594,028 ; $5,322,739 ; $6,234,977 ; $6,651,694 ; $7,102,206 ; $6,147,451 ; $6,734,540 ; $4,993,260 ; $6,316,543 ; $5,279,033 ; $5,791,792 ; $6,338,303 ; $6,955,310 ; $7,594,162 ; $5,015,091 ; $7,323,196 ; $6,076,248 ; $8,217,471 ; $2,644,318 ; $501,906,028 
153;Tottus Kennedy; $154,304 ;;;;;;;;;;;;;;;;;;; $1,456,888 ;; $2,174 ; $9,432,549 ; $11,695,403 ; $9,368,737 ; $11,848,688 ; $10,990,382 ; $13,707,622 ; $12,739,865 ; $13,036,720 ; $12,224,555 ; $11,631,939 ; $12,887,279 ; $12,064,107 ; $12,748,904 ; $12,044,202 ; $10,764,692 ; $11,473,868 ; $12,017,609 ; $15,229,084 ; $9,618,399 ; $11,734,127 ; $11,862,414 ; $10,605,829 ; $10,923,432 ; $12,640,588 ; $12,662,564 ; $11,525,657 ; $9,979,400 ; $13,410,341 ; $9,728,633 ; $10,378,247 ; $9,561,589 ; $8,947,970 ; $9,164,501 ; $9,612,874 ; $10,463,459 ; $9,166,776 ; $8,637,455 ; $11,342,826 ; $14,000,179 ; $10,833,735 ; $11,198,025 ; $7,861,504 ; $9,285,558 ; $8,262,231 ; $8,759,787 ;;;;; $130,926 ;;;;;;;;;;; $18,419 ;;;;;;;;;;; $8,089 ;; $13,861 ;;;;;;;;;;;;;;;;;;;;;;;;;;;; $499,858,965 
215;Tottus Quilpue;;;;;;;;;;;;;;; $947,749 ; $1,762,142 ; $1,342,621 ; $1,736,036 ; $2,333,579 ; $2,198,808 ; $2,461,646 ; $3,323,421 ; $1,269,513 ; $2,374,195 ; $2,165,316 ; $2,819,361 ; $2,536,215 ; $3,289,332 ; $3,107,502 ; $4,291,274 ; $3,939,283 ; $3,563,574 ; $4,165,348 ; $5,429,618 ; $5,421,773 ; $3,263,663 ; $4,406,178 ; $3,572,250 ; $2,208,967 ; $4,960,630 ; $2,773,499 ; $1,603,406 ; $3,471,631 ; $2,358,875 ; $3,326,614 ; $2,983,369 ; $4,138,917 ; $3,031,796 ; $2,425,000 ; $3,286,489 ; $3,489,228 ; $4,125,879 ; $2,546,657 ; $2,672,506 ; $4,028,906 ; $3,240,929 ; $3,811,514 ; $2,764,272 ; $3,741,600 ; $5,096,086 ; $4,668,618 ; $3,768,025 ; $3,112,725 ; $1,782,749 ; $3,454,931 ; $3,018,513 ; $2,534,389 ; $3,337,253 ; $4,150,726 ; $1,823,711 ; $2,996,965 ; $2,116,693 ; $2,578,389 ; $6,508,085 ; $2,872,119 ; $3,638,688 ; $3,649,475 ; $4,045,622 ; $3,155,640 ; $3,238,474 ; $3,166,943 ; $6,438,684 ; $4,790,775 ; $4,412,975 ; $6,106,064 ; $6,728,168 ; $9,267,001 ; $8,845,887 ; $7,363,532 ; $2,852,457 ; $4,968,448 ; $8,264,752 ; $3,611,743 ; $4,538,301 ; $5,732,068 ; $6,257,925 ; $4,108,897 ; $3,756,500 ; $6,276,841 ; $5,439,557 ; $3,848,389 ; $3,078,102 ; $7,262,510 ; $6,114,548 ; $4,249,356 ; $4,363,484 ; $4,501,353 ; $4,390,214 ; $4,290,575 ; $5,525,188 ; $4,593,329 ; $2,611,249 ; $6,171,397 ; $2,842,754 ; $4,513,890 ; $5,226,990 ; $7,217,022 ; $6,758,193 ; $4,508,903 ; $6,624,298 ; $6,112,771 ; $6,329,094 ; $1,930,761 ; $436,250,844 
509;Tottus Coquimbo;;;;;;;;;;;;;;;;;;;;;;;;; $2,432,154 ; $3,838,342 ; $3,086,945 ; $4,569,893 ; $3,584,383 ; $5,213,391 ; $4,740,269 ; $4,010,748 ; $3,911,534 ; $5,181,930 ; $5,848,642 ; $4,336,459 ; $4,917,998 ; $3,431,265 ; $3,739,974 ; $6,381,732 ; $2,864,371 ; $3,585,514 ; $4,289,110 ; $3,903,478 ; $2,864,735 ; $3,324,934 ; $3,551,410 ; $4,205,829 ; $3,555,749 ; $2,474,398 ; $3,973,579 ; $5,059,809 ; $2,756,407 ; $2,733,892 ; $3,514,071 ; $3,405,441 ; $5,537,778 ; $3,799,004 ; $4,252,188 ; $4,938,924 ; $4,572,129 ; $2,747,792 ; $2,911,918 ; $2,503,917 ; $3,949,789 ; $2,746,723 ; $2,769,509 ; $3,510,934 ; $4,670,417 ; $2,232,952 ; $3,054,809 ; $2,006,934 ; $2,508,729 ; $5,584,197 ; $2,561,928 ; $2,848,812 ; $4,382,582 ; $4,084,302 ; $3,302,239 ; $2,795,056 ; $4,088,272 ; $5,585,085 ; $4,815,147 ; $4,244,037 ; $5,258,695 ; $5,157,594 ; $7,760,122 ; $5,806,263 ; $6,766,770 ; $2,309,413 ; $5,925,289 ; $6,307,057 ; $3,794,863 ; $4,484,808 ; $4,652,948 ; $6,072,915 ; $3,717,383 ; $3,911,171 ; $4,737,442 ; $5,652,073 ; $3,616,128 ; $4,570,677 ; $7,029,732 ; $6,746,772 ; $4,051,225 ; $4,312,786 ; $4,167,905 ; $4,226,020 ; $7,344,940 ; $4,927,528 ; $4,822,761 ; $3,563,246 ; $7,015,010 ; $4,554,002 ; $5,341,746 ; $5,127,548 ; $7,150,445 ; $7,678,764 ; $4,380,000 ; $5,934,125 ; $6,296,863 ; $8,829,584 ; $1,631,491 ; $433,928,588 
101;Tottus San Bernardo Plaza;;;;;;;;;;;;;;;;;;;;;;;;;;;;;;;;;;;;;;;;;;;;;;;;;;;;;;;;;;;;;;;;;;;;;;;;;;;;;;;;;;;;;;;;;;; $1,144,247 ; $3,532,607 ; $1,733,587 ; $2,421,965 ; $3,520,026 ; $4,617,219 ; $3,371,453 ; $2,819,453 ; $4,899,512 ; $4,760,863 ; $2,822,145 ; $4,804,598 ; $7,043,550 ; $5,328,444 ; $3,308,653 ; $3,291,483 ; $3,941,486 ; $4,591,709 ; $5,401,541 ; $4,619,199 ; $4,980,770 ; $3,376,288 ; $6,441,315 ; $4,968,031 ; $5,280,954 ; $6,100,831 ; $8,043,500 ; $7,280,779 ; $4,860,547 ; $6,435,795 ; $6,606,171 ; $8,539,420 ; $2,251,425 ; $153,139,566 
504;Tottus Calama;;;;;;;;;;;;;;;;; $164,529 ; $255,974 ; $263,657 ; $291,395 ; $210,418 ; $5,675,792 ; $944,227 ; $1,321,183 ; $876,385 ; $1,643,426 ; $1,009,394 ; $1,792,152 ; $2,450,018 ; $3,488,036 ; $3,075,905 ; $4,167,449 ; $4,951,206 ; $4,912,210 ; $4,155,205 ; $3,597,867 ; $2,288,133 ; $1,683,428 ; $2,051,478 ; $6,131,232 ; $2,392,188 ; $2,791,456 ; $3,392,093 ; $5,002,030 ; $1,879,799 ; $2,935,361 ; $2,700,428 ; $2,784,286 ; $2,366,959 ; $2,711,891 ; $2,310,495 ; $3,229,964 ; $2,976,046 ; $2,170,425 ; $2,401,465 ; $1,867,486 ; $2,651,447 ; $1,850,681 ; $2,698,639 ; $2,136,872 ; $594,487 ;;;;;;;;;;;;;;;;;;;;;;;;;;;;;;;;;;;;;;;;;;;;;;;;;;;;;;;;;;;;;;; $111,245,194 
303;Tottus San Fernando;;;;;;;;;;;;;;;; $75,871 ; $359,544 ; $206,966 ; $657,281 ; $927,539 ; $572,225 ; $2,076,687 ; $684,220 ; $871,045 ; $818,328 ; $1,534,712 ; $1,437,315 ; $1,831,603 ; $1,993,890 ; $2,516,533 ; $3,004,644 ; $2,056,452 ; $3,402,711 ; $3,350,679 ; $3,258,963 ; $2,098,310 ; $2,745,868 ; $1,976,516 ; $2,122,666 ; $3,880,727 ; $1,544,680 ; $2,108,890 ; $2,543,349 ; $2,355,098 ; $1,894,807 ; $3,302,168 ; $2,114,621 ; $2,267,268 ; $2,347,940 ; $1,826,701 ; $3,098,199 ; $3,232,352 ; $1,414,813 ; $2,199,077 ; $2,468,889 ; $2,472,260 ; $3,149,380 ; $1,804,815 ; $2,740,395 ; $3,356,587 ; $639,411 ;;;;;;;;;;;;;;;;;;;;;;;;;;;;;;;;;;;;;;;;;;;;;;;;;;;;;;;;;;;;;;; $93,342,995 
305;Tottus Machali;;;;;;;;;;;;;;;;;;;;;;;;;;;;;;;;;;;;;;;;;;;;;;;;;;;;;;;;;;;;;;;;;;;;;;;;;;;;;;;;;;;;;;;;;;;;;;;; $10,281 ; $796,640 ; $1,021,483 ; $1,381,679 ; $1,885,935 ; $1,427,043 ; $1,419,174 ; $2,635,264 ; $1,526,308 ; $1,662,588 ; $1,454,226 ; $2,029,098 ; $2,441,048 ; $4,646,835 ; $2,672,859 ; $3,218,134 ; $1,942,510 ; $3,339,246 ; $3,084,544 ; $2,758,900 ; $5,122,576 ; $5,919,375 ; $7,139,503 ; $3,618,726 ; $6,010,509 ; $4,837,215 ; $5,231,470 ; $1,699,649 ; $80,932,815 
129;Tottus Quilicura;;;;;;;;;;;;;;;;;;;;;;;;;;;;;;;;;;;;;;;;;;;;;;;;;;;;;;;;;;;;;;;;;;;;;;;;;;;;;;;;;;;;;;;;;;;;;;;;;;;;;;;;;;;;;;;;;;;;;; $12,804 ; $- ; $1,509,553 ; $3,197,235 ; $5,281,171 ; $1,305,375 ; $11,306,137 
106;Tottus Plaza Oeste;;;;;;;;;;;;;;;;;;;;;;;;;;;;;;;;;;;;;;;;;;;;;;;;;;;;;;;;;;;;;;;;;;;;;;;;;;;;;;;;;;;;;;;;;;;;;;;;;;;;;;;;;;;;;;;;;;;;;;;;;;;; $9,769,001 
9999;Comida Navideña Fazil;;;;;;;;;;;;;;;;;;;;;;;;;;;;;;;;;;;;;;;;;;;;;;;;;;;;;;;;;;;;;;;;;;;;;;;;;;;;;;;;;;;;;;;;;;;;;;;;;;;;;;;;;;;;;;;;;;;;;;;;;;;; $7,018,280 
304;Tottus Talca;;;;;;;;;;;;;;;;;;;;;;;;;;;;;;;;;;;;;;;;;;;;;;;;;;;;;;;;;;;;;;;;;;;;;;;;;;;;;;;;;;;;;;;;;;;;;;;;;;;;;;;;;;;;;;;;;;;;;; $- ;; $806,170 ; $693,795 ; $2,021,859 ; $823,522 ; $4,345,345 
9121;A la Mesa Plaza Egaña; $52,140 ; $107,240 ; $93,794 ;;; $11,000 ;;;;;;;;;;;;;;;;;;;;;;;;;;;;;;;;;;;;;;;;;;;;;;;;;;;;;;;;;;;;;;;;;;;;;;;;;;;;;;;;;;;;;;;;;;;;;;;;;;;;;;;;;;;;;;;;;;;;;; $1,527,903 
216;Tottus Quillota;;;;;;;;;;;;;;;;;;;;;;;;;;;;;;;;;;;;;;;;;;;;;;;;;;;;;;;;;;;;;;;;;;;;;;;;;;;;;;;;;;;;;;;;;;;;;;;;;;;;;;;;;;;;;;;;;;;;;;;; $3,640 ; $210,150 ; $218,624 ; $325,253 ; $757,667 
211;Tottus San Felipe;;;;;;;;;;;;;;;;;;;;;;;;;;;;;;;;;;;;;;;;;;;;;;;;;;;;;;;;;;;;;;;;;;;;;;;;;;;;;;;;;;;;;;;;;;;;;;;;;;;;;;;;;;;;;;;;;;;;;;;; $8,984 ; $38,700 ; $287,733 ; $39,159 ; $374,576 
